Year,Month,Monthly_ave_Tem,Monthly_max_tem,Monthly_mini_temp,Monthly_total_Prep,Monthly_ave_Humidity,Country,Tree ID,GPS1,GPS2,Ceratosolen_sp,"Sycophaga_testacea	",Apocrypta_sp,"Sycophaga_mayri	","Sycophaga_agrensis	","Apocrypta_westwoodi	"
2018,12,18.66645,25.33548,16.08065,140.4,90.83871,XTBG,XTBG 2,21.927067,101.264837,1163,3,0,2,32,189
2018,12,18.66645,25.33548,16.08065,140.4,90.83871,XTBG,XTBG 2,21.927067,101.264837,1510,109,2,70,22,45
2018,12,18.66645,25.33548,16.08065,140.4,90.83871,XTBG,XTBG 2,21.927067,101.264837,744,102,0,39,62,12
2018,12,18.66645,25.33548,16.08065,140.4,90.83871,XTBG,XTBG 2,21.927067,101.264837,1494,9,0,8,54,72
2018,12,18.66645,25.33548,16.08065,140.4,90.83871,XTBG,XTBG 2,21.927067,101.264837,1224,10,0,42,14,103
2018,12,18.66645,25.33548,16.08065,140.4,90.83871,XTBG,XTBG 2,21.927067,101.264837,478,77,1,97,39,32
2018,12,18.66645,25.33548,16.08065,140.4,90.83871,XTBG,XTBG 2,21.927067,101.264837,1520,51,1,9,0,0
2018,12,18.66645,25.33548,16.08065,140.4,90.83871,XTBG,XTBG 2,21.927067,101.264837,609,118,0,0,13,143
2018,12,18.66645,25.33548,16.08065,140.4,90.83871,XTBG,XTBG 2,21.927067,101.264837,839,10,0,1,20,81
2018,12,18.66645,25.33548,16.08065,140.4,90.83871,XTBG,XTBG 2,21.927067,101.264837,1206,76,10,21,69,201
2018,12,18.66645,25.33548,16.08065,140.4,90.83871,XTBG,XTBG 2,21.927067,101.264837,1328,19,0,102,27,39
2018,12,18.66645,25.33548,16.08065,140.4,90.83871,XTBG,XTBG 2,21.927067,101.264837,1025,74,7,51,30,144
2018,12,18.66645,25.33548,16.08065,140.4,90.83871,XTBG,XTBG 2,21.927067,101.264837,1000,22,1,58,20,71
2018,12,18.66645,25.33548,16.08065,140.4,90.83871,XTBG,XTBG 2,21.927067,101.264837,902,110,8,47,67,147
2018,12,18.66645,25.33548,16.08065,140.4,90.83871,XTBG,XTBG 2,21.927067,101.264837,17,21,0,490,0,115
2018,12,18.66645,25.33548,16.08065,140.4,90.83871,XTBG,XTBG 2,21.927067,101.264837,1077,334,15,19,63,12
2018,12,18.66645,25.33548,16.08065,140.4,90.83871,XTBG,XTBG 2,21.927067,101.264837,712,118,49,30,59,19
2018,12,18.66645,25.33548,16.08065,140.4,90.83871,XTBG,XTBG 2,21.927067,101.264837,506,65,0,42,129,205
2018,12,18.66645,25.33548,16.08065,140.4,90.83871,XTBG,XTBG 2,21.927067,101.264837,649,129,0,23,15,74
2018,12,18.66645,25.33548,16.08065,140.4,90.83871,XTBG,XTBG 2,21.927067,101.264837,1580,51,0,21,91,125
2018,12,18.66645,25.33548,16.08065,140.4,90.83871,XTBG,XTBG 2,21.927067,101.264837,723,53,3,9,62,58
2018,12,18.66645,25.33548,16.08065,140.4,90.83871,XTBG,XTBG 2,21.927067,101.264837,1245,24,0,118,8,83
2018,12,18.66645,25.33548,16.08065,140.4,90.83871,XTBG,XTBG 2,21.927067,101.264837,1373,67,0,53,82,141
2018,12,18.66645,25.33548,16.08065,140.4,90.83871,XTBG,XTBG 2,21.927067,101.264837,1117,49,0,0,52,153
2018,12,18.66645,25.33548,16.08065,140.4,90.83871,XTBG,XTBG 2,21.927067,101.264837,447,70,1,111,25,79
2018,12,18.66645,25.33548,16.08065,140.4,90.83871,XTBG,XTBG 2,21.927067,101.264837,377,34,1,74,34,187
2018,12,18.66645,25.33548,16.08065,140.4,90.83871,XTBG,XTBG 2,21.927067,101.264837,1263,115,0,33,62,179
2018,12,18.66645,25.33548,16.08065,140.4,90.83871,XTBG,XTBG 2,21.927067,101.264837,988,134,9,0,74,39
2018,12,18.66645,25.33548,16.08065,140.4,90.83871,XTBG,XTBG 2,21.927067,101.264837,1772,34,1,52,38,197
2018,12,18.66645,25.33548,16.08065,140.4,90.83871,XTBG,XTBG 2,21.927067,101.264837,1039,47,5,1,38,5
2018,12,18.66645,25.33548,16.08065,140.4,90.83871,XTBG,XTBG 3,21.927067,101.264837,891,58,5,19,44,9
2018,12,18.66645,25.33548,16.08065,140.4,90.83871,XTBG,XTBG 3,21.927067,101.264837,188,17,4,42,63,88
2018,12,18.66645,25.33548,16.08065,140.4,90.83871,XTBG,XTBG 3,21.927067,101.264837,689,10,2,5,55,4
2018,12,18.66645,25.33548,16.08065,140.4,90.83871,XTBG,XTBG 3,21.927067,101.264837,144,19,0,68,4,18
2018,12,18.66645,25.33548,16.08065,140.4,90.83871,XTBG,XTBG 3,21.927067,101.264837,778,14,0,27,6,0
2018,12,18.66645,25.33548,16.08065,140.4,90.83871,XTBG,XTBG 3,21.927067,101.264837,251,63,0,5,5,14
2018,12,18.66645,25.33548,16.08065,140.4,90.83871,XTBG,XTBG 3,21.927067,101.264837,0,40,0,56,0,2
2018,12,18.66645,25.33548,16.08065,140.4,90.83871,XTBG,XTBG 3,21.927067,101.264837,182,80,3,109,6,8
2018,12,18.66645,25.33548,16.08065,140.4,90.83871,XTBG,XTBG 3,21.927067,101.264837,496,13,1,38,15,0
2018,12,18.66645,25.33548,16.08065,140.4,90.83871,XTBG,XTBG 3,21.927067,101.264837,1034,90,0,25,28,17
2018,12,18.66645,25.33548,16.08065,140.4,90.83871,XTBG,XTBG 3,21.927067,101.264837,285,25,3,9,29,20
2018,12,18.66645,25.33548,16.08065,140.4,90.83871,XTBG,XTBG 3,21.927067,101.264837,307,36,2,30,40,28
2018,12,18.66645,25.33548,16.08065,140.4,90.83871,XTBG,XTBG 3,21.927067,101.264837,222,89,5,88,43,31
2018,12,18.66645,25.33548,16.08065,140.4,90.83871,XTBG,XTBG 3,21.927067,101.264837,458,160,2,72,55,24
2018,12,18.66645,25.33548,16.08065,140.4,90.83871,XTBG,XTBG 3,21.927067,101.264837,67,87,2,56,52,64
2018,12,18.66645,25.33548,16.08065,140.4,90.83871,XTBG,XTBG 3,21.927067,101.264837,267,26,2,88,31,52
2018,12,18.66645,25.33548,16.08065,140.4,90.83871,XTBG,XTBG 3,21.927067,101.264837,815,18,0,159,43,19
2018,12,18.66645,25.33548,16.08065,140.4,90.83871,XTBG,XTBG 3,21.927067,101.264837,475,49,0,84,94,45
2018,12,18.66645,25.33548,16.08065,140.4,90.83871,XTBG,XTBG 3,21.927067,101.264837,23,51,8,198,0,13
2018,12,18.66645,25.33548,16.08065,140.4,90.83871,XTBG,XTBG 3,21.927067,101.264837,596,103,2,9,17,7
2018,12,18.66645,25.33548,16.08065,140.4,90.83871,XTBG,XTBG 3,21.927067,101.264837,1041,116,0,13,29,6
2018,12,18.66645,25.33548,16.08065,140.4,90.83871,XTBG,XTBG 3,21.927067,101.264837,771,10,9,61,78,22
2018,12,18.66645,25.33548,16.08065,140.4,90.83871,XTBG,XTBG 3,21.927067,101.264837,308,1,0,21,29,2
2018,12,18.66645,25.33548,16.08065,140.4,90.83871,XTBG,XTBG 3,21.927067,101.264837,353,181,18,5,63,46
2018,12,18.66645,25.33548,16.08065,140.4,90.83871,XTBG,XTBG 3,21.927067,101.264837,324,92,4,187,113,49
2018,12,18.66645,25.33548,16.08065,140.4,90.83871,XTBG,XTBG 3,21.927067,101.264837,764,5,0,101,57,20
2018,12,18.66645,25.33548,16.08065,140.4,90.83871,XTBG,XTBG 3,21.927067,101.264837,645,58,4,228,39,21
2018,12,18.66645,25.33548,16.08065,140.4,90.83871,XTBG,XTBG 3,21.927067,101.264837,944,55,0,18,40,9
2018,9,30.4,33.2095,24.6908,170,NA,Myanmar,MMM 1,21.98333333,96.2,937,10,1,58,74,131
2018,9,30.4,33.2095,24.6908,170,NA,Myanmar,MMM 1,21.98333333,96.2,82,16,3,20,86,55
2018,9,30.4,33.2095,24.6908,170,NA,Myanmar,MMM 1,21.98333333,96.2,154,34,2,140,66,214
2018,9,30.4,33.2095,24.6908,170,NA,Myanmar,MMM 1,21.98333333,96.2,170,30,16,78,69,150
2018,9,30.4,33.2095,24.6908,170,NA,Myanmar,MMM 1,21.98333333,96.2,93,37,6,172,16,89
2018,9,30.4,33.2095,24.6908,170,NA,Myanmar,MMM 1,21.98333333,96.2,128,63,48,92,11,123
2018,9,30.4,33.2095,24.6908,170,NA,Myanmar,MMM 1,21.98333333,96.2,451,110,1,91,71,103
2018,9,30.4,33.2095,24.6908,170,NA,Myanmar,MMM 1,21.98333333,96.2,1171,23,0,87,165,126
2018,9,30.4,33.2095,24.6908,170,NA,Myanmar,MMM 1,21.98333333,96.2,110,5,13,158,23,61
2018,9,30.4,33.2095,24.6908,170,NA,Myanmar,MMM 1,21.98333333,96.2,109,6,1,162,12,35
2018,9,30.4,33.2095,24.6908,170,NA,Myanmar,MMM 1,21.98333333,96.2,269,38,22,144,9,119
2018,9,30.4,33.2095,24.6908,170,NA,Myanmar,MMM 1,21.98333333,96.2,1145,5,0,50,53,232
2018,9,30.4,33.2095,24.6908,170,NA,Myanmar,MMM 1,21.98333333,96.2,183,30,19,82,133,86
2018,9,30.4,33.2095,24.6908,170,NA,Myanmar,MMM 1,21.98333333,96.2,573,12,1,341,191,216
2018,9,30.4,33.2095,24.6908,170,NA,Myanmar,MMM 1,21.98333333,96.2,55,6,15,43,17,33
2018,9,30.4,33.2095,24.6908,170,NA,Myanmar,MMM 1,21.98333333,96.2,91,16,27,99,101,202
2018,9,30.4,33.2095,24.6908,170,NA,Myanmar,MMM 1,21.98333333,96.2,288,36,10,148,76,195
2018,9,30.4,33.2095,24.6908,170,NA,Myanmar,MMM 1,21.98333333,96.2,171,29,24,144,89,309
2018,9,30.4,33.2095,24.6908,170,NA,Myanmar,MMM 1,21.98333333,96.2,286,12,1,226,74,179
2018,9,30.4,33.2095,24.6908,170,NA,Myanmar,MMM 1,21.98333333,96.2,414,24,6,37,226,146
2018,9,30.4,33.2095,24.6908,170,NA,Myanmar,MMM 2,21.98333333,96.2,101,20,10,60,13,129
2018,9,30.4,33.2095,24.6908,170,NA,Myanmar,MMM 2,21.98333333,96.2,121,0,3,23,13,151
2018,9,30.4,33.2095,24.6908,170,NA,Myanmar,MMM 2,21.98333333,96.2,552,7,1,5,110,118
2018,9,30.4,33.2095,24.6908,170,NA,Myanmar,MMM 2,21.98333333,96.2,40,11,10,37,21,68
2018,9,30.4,33.2095,24.6908,170,NA,Myanmar,MMM 2,21.98333333,96.2,29,21,8,81,23,120
2018,9,30.4,33.2095,24.6908,170,NA,Myanmar,MMM 2,21.98333333,96.2,91,52,3,2,68,159
2018,9,30.4,33.2095,24.6908,170,NA,Myanmar,MMM 2,21.98333333,96.2,8,9,6,6,65,41
2018,9,30.4,33.2095,24.6908,170,NA,Myanmar,MMM 2,21.98333333,96.2,16,17,17,129,50,187
2018,9,30.4,33.2095,24.6908,170,NA,Myanmar,MMM 2,21.98333333,96.2,79,8,8,121,57,113
2018,9,30.4,33.2095,24.6908,170,NA,Myanmar,MMM 2,21.98333333,96.2,526,9,1,40,51,200
2018,9,30.4,33.2095,24.6908,170,NA,Myanmar,MMM 2,21.98333333,96.2,149,25,15,1,73,95
2018,9,30.4,33.2095,24.6908,170,NA,Myanmar,MMM 2,21.98333333,96.2,23,7,11,31,9,56
2018,9,30.4,33.2095,24.6908,170,NA,Myanmar,MMM 2,21.98333333,96.2,41,35,3,57,62,146
2018,9,30.4,33.2095,24.6908,170,NA,Myanmar,MMM 2,21.98333333,96.2,527,11,0,35,124,189
2018,9,30.4,33.2095,24.6908,170,NA,Myanmar,MMM 2,21.98333333,96.2,345,2,1,37,55,143
2018,9,30.4,33.2095,24.6908,170,NA,Myanmar,MMM 2,21.98333333,96.2,68,26,10,24,94,208
2018,9,30.4,33.2095,24.6908,170,NA,Myanmar,MMM 2,21.98333333,96.2,167,33,6,5,63,281
2018,9,30.4,33.2095,24.6908,170,NA,Myanmar,MMM 2,21.98333333,96.2,142,24,3,50,131,172
2018,9,30.4,33.2095,24.6908,170,NA,Myanmar,MMM 2,21.98333333,96.2,21,9,6,58,0,40
2018,9,30.4,33.2095,24.6908,170,NA,Myanmar,MMM 2,21.98333333,96.2,150,32,1,15,26,118
2018,9,26.3,29.3622,20.7417,149.927,NA,Laos,LN 1,21.05,101.6333333,2467,0,0,0,0,7
2018,9,26.3,29.3622,20.7417,149.927,NA,Laos,LN 1,21.05,101.6333333,2011,3,0,0,38,87
2018,9,26.3,29.3622,20.7417,149.927,NA,Laos,LN 1,21.05,101.6333333,2798,4,0,4,59,48
2018,9,26.3,29.3622,20.7417,149.927,NA,Laos,LN 1,21.05,101.6333333,1909,9,0,16,43,9
2018,9,26.3,29.3622,20.7417,149.927,NA,Laos,LN 1,21.05,101.6333333,1350,61,7,19,65,1
2018,9,26.3,29.3622,20.7417,149.927,NA,Laos,LN 1,21.05,101.6333333,1223,390,0,51,43,70
2018,9,26.3,29.3622,20.7417,149.927,NA,Laos,LN 1,21.05,101.6333333,1033,0,0,0,86,189
2018,9,26.3,29.3622,20.7417,149.927,NA,Laos,LN 1,21.05,101.6333333,936,5,0,0,44,5
2018,9,26.3,29.3622,20.7417,149.927,NA,Laos,LN 1,21.05,101.6333333,662,4,0,31,79,43
2018,9,26.3,29.3622,20.7417,149.927,NA,Laos,LN 1,21.05,101.6333333,2227,9,0,0,32,138
2018,9,26.3,29.3622,20.7417,149.927,NA,Laos,LN 1,21.05,101.6333333,823,130,0,61,24,41
2018,9,26.3,29.3622,20.7417,149.927,NA,Laos,LN 1,21.05,101.6333333,1145,116,3,16,61,102
2018,9,26.3,29.3622,20.7417,149.927,NA,Laos,LN 1,21.05,101.6333333,2024,14,0,0,0,16
2018,9,26.3,29.3622,20.7417,149.927,NA,Laos,LN 1,21.05,101.6333333,1803,4,0,2,42,187
2018,9,26.3,29.3622,20.7417,149.927,NA,Laos,LN 1,21.05,101.6333333,422,149,14,11,8,19
2018,9,26.3,29.3622,20.7417,149.927,NA,Laos,LN 1,21.05,101.6333333,1243,25,0,1,14,121
2018,9,26.3,29.3622,20.7417,149.927,NA,Laos,LN 1,21.05,101.6333333,1997,0,0,0,14,127
2018,10,27.9,32.3658,22.7806,39,NA,Thailand,TMUT 1,17.35,102.717,1964,13,1,4,6,42
2018,10,27.9,32.3658,22.7806,39,NA,Thailand,TMUT 1,17.35,102.717,1134,11,0,0,25,23
2018,10,27.9,32.3658,22.7806,39,NA,Thailand,TMUT 1,17.35,102.717,1347,2,0,0,13,27
2018,10,27.9,32.3658,22.7806,39,NA,Thailand,TMUT 1,17.35,102.717,1149,0,0,0,1,8
2018,10,27.9,32.3658,22.7806,39,NA,Thailand,TMUT 1,17.35,102.717,1526,12,0,0,11,50
2018,10,27.9,32.3658,22.7806,39,NA,Thailand,TMUT 1,17.35,102.717,1061,4,0,1,17,52
2018,10,27.9,32.3658,22.7806,39,NA,Thailand,TMUT 1,17.35,102.717,1028,0,0,0,19,26
2018,10,27.9,32.3658,22.7806,39,NA,Thailand,TMUT 1,17.35,102.717,1035,12,0,5,8,174
2018,10,27.9,32.3658,22.7806,39,NA,Thailand,TMUT 1,17.35,102.717,1547,8,1,4,70,99
2018,10,27.9,32.3658,22.7806,39,NA,Thailand,TMUT 1,17.35,102.717,1424,1,0,0,50,202
2018,10,27.9,32.3658,22.7806,39,NA,Thailand,TMUT 1,17.35,102.717,670,2,0,0,4,41
2018,10,27.9,32.3658,22.7806,39,NA,Thailand,TMUT 1,17.35,102.717,862,4,0,0,94,99
2018,10,27.9,32.3658,22.7806,39,NA,Thailand,TMUT 1,17.35,102.717,1887,0,0,0,6,13
2018,10,27.9,32.3658,22.7806,39,NA,Thailand,TMUT 1,17.35,102.717,1169,0,0,0,0,10
2018,10,27.9,32.3658,22.7806,39,NA,Thailand,TMUT 1,17.35,102.717,1325,0,0,3,11,16
2018,10,27.9,32.3658,22.7806,39,NA,Thailand,TMUT 1,17.35,102.717,995,1,1,2,28,137
2018,10,27.9,32.3658,22.7806,39,NA,Thailand,TMUT 1,17.35,102.717,1008,3,0,0,13,8
2018,10,27.9,32.3658,22.7806,39,NA,Thailand,TMUT 1,17.35,102.717,1394,7,0,1,6,40
2018,10,27.9,32.3658,22.7806,39,NA,Thailand,TMUT 1,17.35,102.717,1187,3,0,6,37,9
2018,10,27.9,32.3658,22.7806,39,NA,Thailand,TMUT 2,17.35,102.717,1344,5,2,0,3,17
2018,10,27.9,32.3658,22.7806,39,NA,Thailand,TMUT 2,17.35,102.717,1153,1,0,1,2,11
2018,10,27.9,32.3658,22.7806,39,NA,Thailand,TMUT 2,17.35,102.717,565,12,0,0,10,15
2018,10,27.9,32.3658,22.7806,39,NA,Thailand,TMUT 2,17.35,102.717,345,2,0,0,1,0
2018,10,27.9,32.3658,22.7806,39,NA,Thailand,TMUT 2,17.35,102.717,666,22,0,0,0,7
2018,10,27.9,32.3658,22.7806,39,NA,Thailand,TMUT 2,17.35,102.717,521,0,0,3,7,4
2018,10,27.9,32.3658,22.7806,39,NA,Thailand,TMUT 2,17.35,102.717,1317,55,0,3,2,7
2018,10,27.9,32.3658,22.7806,39,NA,Thailand,TMUT 2,17.35,102.717,806,7,0,4,20,37
2018,10,27.9,32.3658,22.7806,39,NA,Thailand,TMUT 2,17.35,102.717,294,11,0,0,0,10
2018,10,27.9,32.3658,22.7806,39,NA,Thailand,TMUT 2,17.35,102.717,488,0,0,0,4,9
2018,10,27.9,32.3658,22.7806,39,NA,Thailand,TMUT 2,17.35,102.717,661,5,0,1,7,11
2018,10,27.9,32.3658,22.7806,39,NA,Thailand,TMUT 2,17.35,102.717,1362,45,0,0,4,20
2018,10,27.9,32.3658,22.7806,39,NA,Thailand,TMUT 2,17.35,102.717,550,4,0,0,3,8
2018,12,18.66645,25.33548,16.08065,140.4,90.83871,XTBG,XTBG 9D,21.927067,101.264837,893,143,0,283,10,0
2018,12,18.66645,25.33548,16.08065,140.4,90.83871,XTBG,XTBG 9D,21.927067,101.264837,0,20,0,190,0,0
2018,12,18.66645,25.33548,16.08065,140.4,90.83871,XTBG,XTBG 9D,21.927067,101.264837,0,38,0,190,0,0
2018,12,18.66645,25.33548,16.08065,140.4,90.83871,XTBG,XTBG 9D,21.927067,101.264837,214,62,0,139,0,0
2018,12,18.66645,25.33548,16.08065,140.4,90.83871,XTBG,XTBG 9D,21.927067,101.264837,826,17,4,24,0,13
2018,12,18.66645,25.33548,16.08065,140.4,90.83871,XTBG,XTBG 9D,21.927067,101.264837,1374,63,0,99,44,20
2018,12,18.66645,25.33548,16.08065,140.4,90.83871,XTBG,XTBG 9D,21.927067,101.264837,1338,35,0,29,0,0
2018,12,18.66645,25.33548,16.08065,140.4,90.83871,XTBG,XTBG 9D,21.927067,101.264837,874,0,0,16,27,1
2018,12,18.66645,25.33548,16.08065,140.4,90.83871,XTBG,XTBG 10D,21.927067,101.264837,1163,3,0,2,32,189
2018,12,18.66645,25.33548,16.08065,140.4,90.83871,XTBG,XTBG 10D,21.927067,101.264837,1510,109,2,70,22,45
2018,12,18.66645,25.33548,16.08065,140.4,90.83871,XTBG,XTBG 10D,21.927067,101.264837,744,102,0,39,62,12
2018,12,18.66645,25.33548,16.08065,140.4,90.83871,XTBG,XTBG 10D,21.927067,101.264837,1494,9,0,8,54,72
2018,12,18.66645,25.33548,16.08065,140.4,90.83871,XTBG,XTBG 10D,21.927067,101.264837,1224,10,0,42,14,103
2018,12,18.66645,25.33548,16.08065,140.4,90.83871,XTBG,XTBG 10D,21.927067,101.264837,478,77,1,97,39,32
2018,12,18.66645,25.33548,16.08065,140.4,90.83871,XTBG,XTBG 10D,21.927067,101.264837,1520,51,1,9,0,0
2018,12,18.66645,25.33548,16.08065,140.4,90.83871,XTBG,XTBG 10D,21.927067,101.264837,609,118,0,0,13,143
2018,12,18.66645,25.33548,16.08065,140.4,90.83871,XTBG,XTBG 10D,21.927067,101.264837,839,10,0,1,20,81
2018,12,18.66645,25.33548,16.08065,140.4,90.83871,XTBG,XTBG 10D,21.927067,101.264837,1206,76,10,21,69,201
2018,12,18.66645,25.33548,16.08065,140.4,90.83871,XTBG,XTBG 10D,21.927067,101.264837,1328,19,0,102,27,39
2018,12,18.66645,25.33548,16.08065,140.4,90.83871,XTBG,XTBG 10D,21.927067,101.264837,1025,74,7,51,30,144
2018,12,18.66645,25.33548,16.08065,140.4,90.83871,XTBG,XTBG 10D,21.927067,101.264837,1000,22,1,58,20,71
2018,12,18.66645,25.33548,16.08065,140.4,90.83871,XTBG,XTBG 10D,21.927067,101.264837,902,110,8,47,67,147
2018,12,18.66645,25.33548,16.08065,140.4,90.83871,XTBG,XTBG 10D,21.927067,101.264837,17,21,0,490,0,115
2018,12,18.66645,25.33548,16.08065,140.4,90.83871,XTBG,XTBG 10D,21.927067,101.264837,1077,334,15,19,63,12
2018,12,18.66645,25.33548,16.08065,140.4,90.83871,XTBG,XTBG 10D,21.927067,101.264837,712,118,49,30,59,19
2018,12,18.66645,25.33548,16.08065,140.4,90.83871,XTBG,XTBG 10D,21.927067,101.264837,506,65,0,42,129,205
2018,12,18.66645,25.33548,16.08065,140.4,90.83871,XTBG,XTBG 10D,21.927067,101.264837,649,129,0,23,15,74
2018,12,18.66645,25.33548,16.08065,140.4,90.83871,XTBG,XTBG 10D,21.927067,101.264837,1580,51,0,21,91,125
2018,12,18.66645,25.33548,16.08065,140.4,90.83871,XTBG,XTBG 10D,21.927067,101.264837,723,53,3,9,62,58
2018,12,18.66645,25.33548,16.08065,140.4,90.83871,XTBG,XTBG 10D,21.927067,101.264837,1245,24,0,118,8,83
2018,12,18.66645,25.33548,16.08065,140.4,90.83871,XTBG,XTBG 10D,21.927067,101.264837,1373,67,0,53,82,141
2018,12,18.66645,25.33548,16.08065,140.4,90.83871,XTBG,XTBG 10D,21.927067,101.264837,1117,49,0,0,52,153
2018,12,18.66645,25.33548,16.08065,140.4,90.83871,XTBG,XTBG 10D,21.927067,101.264837,447,70,1,111,25,79
2018,12,18.66645,25.33548,16.08065,140.4,90.83871,XTBG,XTBG 10D,21.927067,101.264837,377,34,1,74,34,187
2018,12,18.66645,25.33548,16.08065,140.4,90.83871,XTBG,XTBG 10D,21.927067,101.264837,1263,115,0,33,62,179
2018,12,18.66645,25.33548,16.08065,140.4,90.83871,XTBG,XTBG 10D,21.927067,101.264837,988,134,9,0,74,39
2018,12,18.66645,25.33548,16.08065,140.4,90.83871,XTBG,XTBG 10D,21.927067,101.264837,1772,34,1,52,38,197
2018,12,18.66645,25.33548,16.08065,140.4,90.83871,XTBG,XTBG 10D,21.927067,101.264837,1039,47,5,1,38,5
2018,12,18.66645,25.33548,16.08065,140.4,90.83871,XTBG,XTBG 11D,21.927067,101.264837,891,58,5,19,44,9
2018,12,18.66645,25.33548,16.08065,140.4,90.83871,XTBG,XTBG 11D,21.927067,101.264837,188,17,4,42,63,88
2018,12,18.66645,25.33548,16.08065,140.4,90.83871,XTBG,XTBG 11D,21.927067,101.264837,689,10,2,5,55,4
2018,12,18.66645,25.33548,16.08065,140.4,90.83871,XTBG,XTBG 11D,21.927067,101.264837,144,19,0,68,4,18
2018,12,18.66645,25.33548,16.08065,140.4,90.83871,XTBG,XTBG 11D,21.927067,101.264837,778,14,0,27,6,0
2018,12,18.66645,25.33548,16.08065,140.4,90.83871,XTBG,XTBG 11D,21.927067,101.264837,251,63,0,5,5,14
2018,12,18.66645,25.33548,16.08065,140.4,90.83871,XTBG,XTBG 11D,21.927067,101.264837,0,40,0,56,0,2
2018,12,18.66645,25.33548,16.08065,140.4,90.83871,XTBG,XTBG 11D,21.927067,101.264837,182,80,3,109,6,8
2018,12,18.66645,25.33548,16.08065,140.4,90.83871,XTBG,XTBG 11D,21.927067,101.264837,496,13,1,38,15,0
2018,12,18.66645,25.33548,16.08065,140.4,90.83871,XTBG,XTBG 11D,21.927067,101.264837,1034,90,0,25,28,17
2018,12,18.66645,25.33548,16.08065,140.4,90.83871,XTBG,XTBG 11D,21.927067,101.264837,285,25,3,9,29,20
2018,12,18.66645,25.33548,16.08065,140.4,90.83871,XTBG,XTBG 11D,21.927067,101.264837,307,36,2,30,40,28
2018,12,18.66645,25.33548,16.08065,140.4,90.83871,XTBG,XTBG 11D,21.927067,101.264837,222,89,5,88,43,31
2018,12,18.66645,25.33548,16.08065,140.4,90.83871,XTBG,XTBG 11D,21.927067,101.264837,458,160,2,72,55,24
2018,12,18.66645,25.33548,16.08065,140.4,90.83871,XTBG,XTBG 11D,21.927067,101.264837,67,87,2,56,52,64
2018,12,18.66645,25.33548,16.08065,140.4,90.83871,XTBG,XTBG 11D,21.927067,101.264837,267,26,2,88,31,52
2018,12,18.66645,25.33548,16.08065,140.4,90.83871,XTBG,XTBG 11D,21.927067,101.264837,815,18,0,159,43,19
2018,12,18.66645,25.33548,16.08065,140.4,90.83871,XTBG,XTBG 11D,21.927067,101.264837,475,49,0,84,94,45
2018,12,18.66645,25.33548,16.08065,140.4,90.83871,XTBG,XTBG 11D,21.927067,101.264837,23,51,8,198,0,13
2018,12,18.66645,25.33548,16.08065,140.4,90.83871,XTBG,XTBG 11D,21.927067,101.264837,596,103,2,9,17,7
2018,12,18.66645,25.33548,16.08065,140.4,90.83871,XTBG,XTBG 11D,21.927067,101.264837,1041,116,0,13,29,6
2018,12,18.66645,25.33548,16.08065,140.4,90.83871,XTBG,XTBG 11D,21.927067,101.264837,771,10,9,61,78,22
2018,12,18.66645,25.33548,16.08065,140.4,90.83871,XTBG,XTBG 11D,21.927067,101.264837,308,1,0,21,29,2
2018,12,18.66645,25.33548,16.08065,140.4,90.83871,XTBG,XTBG 11D,21.927067,101.264837,353,181,18,5,63,46
2018,12,18.66645,25.33548,16.08065,140.4,90.83871,XTBG,XTBG 11D,21.927067,101.264837,324,92,4,187,113,49
2018,12,18.66645,25.33548,16.08065,140.4,90.83871,XTBG,XTBG 11D,21.927067,101.264837,764,5,0,101,57,20
2018,12,18.66645,25.33548,16.08065,140.4,90.83871,XTBG,XTBG 11D,21.927067,101.264837,645,58,4,228,39,21
2018,12,18.66645,25.33548,16.08065,140.4,90.83871,XTBG,XTBG 11D,21.927067,101.264837,944,55,0,18,40,9
2019,4,24.3,36.05,17.63,33.6,74,XTBG,XTBG 1D,21.927067,101.264837,763,23,0,0,0,0
2019,4,24.3,36.05,17.63,33.6,74,XTBG,XTBG 1D,21.927067,101.264837,740,0,0,14,0,0
2019,4,24.3,36.05,17.63,33.6,74,XTBG,XTBG 1D,21.927067,101.264837,285,20,0,61,0,0
2019,4,24.3,36.05,17.63,33.6,74,XTBG,XTBG 1D,21.927067,101.264837,848,0,0,65,0,0
2019,4,24.3,36.05,17.63,33.6,74,XTBG,XTBG 1D,21.927067,101.264837,400,0,0,55,0,0
2019,4,24.3,36.05,17.63,33.6,74,XTBG,XTBG 1D,21.927067,101.264837,909,52,0,164,0,0
2019,4,24.3,36.05,17.63,33.6,74,XTBG,XTBG 1D,21.927067,101.264837,694,43,0,2,0,0
2019,4,24.3,36.05,17.63,33.6,74,XTBG,XTBG 1D,21.927067,101.264837,499,24,0,0,0,0
2019,4,24.3,36.05,17.63,33.6,74,XTBG,XTBG 1D,21.927067,101.264837,838,7,0,53,0,0
2019,4,24.3,36.05,17.63,33.6,74,XTBG,XTBG 1D,21.927067,101.264837,473,39,0,122,0,0
2019,4,24.3,36.05,17.63,33.6,74,XTBG,XTBG 1D,21.927067,101.264837,640,0,0,1,0,0
2019,4,24.3,36.05,17.63,33.6,74,XTBG,XTBG 1D,21.927067,101.264837,294,0,0,28,0,0
2019,4,24.3,36.05,17.63,33.6,74,XTBG,XTBG 1D,21.927067,101.264837,556,35,0,29,0,0
2019,4,24.3,36.05,17.63,33.6,74,XTBG,XTBG 1D,21.927067,101.264837,440,46,3,59,0,0
2019,4,24.3,36.05,17.63,33.6,74,XTBG,XTBG 1D,21.927067,101.264837,922,31,0,35,0,0
2019,4,24.3,36.05,17.63,33.6,74,XTBG,XTBG 1D,21.927067,101.264837,910,27,0,0,0,0
2019,4,24.3,36.05,17.63,33.6,74,XTBG,XTBG 1D,21.927067,101.264837,994,15,0,46,0,0
2019,4,24.3,36.05,17.63,33.6,74,XTBG,XTBG 1D,21.927067,101.264837,518,4,0,0,0,0
2019,4,24.3,36.05,17.63,33.6,74,XTBG,XTBG 1D,21.927067,101.264837,261,8,0,0,0,0
2019,4,24.3,36.05,17.63,33.6,74,XTBG,XTBG 1D,21.927067,101.264837,437,22,0,111,0,1
2019,4,24.3,36.05,17.63,33.6,74,XTBG,XTBG 1D,21.927067,101.264837,289,0,0,52,0,0
2019,4,24.3,36.05,17.63,33.6,74,XTBG,XTBG 1D,21.927067,101.264837,927,31,0,0,0,0
2019,4,24.3,36.05,17.63,33.6,74,XTBG,XTBG 1D,21.927067,101.264837,497,39,0,22,0,0
2019,4,24.3,36.05,17.63,33.6,74,XTBG,XTBG 1D,21.927067,101.264837,587,11,0,27,0,0
2019,4,24.3,36.05,17.63,33.6,74,XTBG,XTBG 1D,21.927067,101.264837,1187,5,0,0,0,0
2019,4,24.3,36.05,17.63,33.6,74,XTBG,XTBG 1D,21.927067,101.264837,1251,0,0,49,0,0
2019,4,24.3,36.05,17.63,33.6,74,XTBG,XTBG 1D,21.927067,101.264837,881,47,0,25,0,0
2019,4,24.3,36.05,17.63,33.6,74,XTBG,XTBG 1D,21.927067,101.264837,751,0,0,3,0,0
2019,4,24.3,36.05,17.63,33.6,74,XTBG,XTBG 1D,21.927067,101.264837,1243,102,0,39,12,3
2019,4,24.3,36.05,17.63,33.6,74,XTBG,XTBG 1D,21.927067,101.264837,507,15,0,3,0,0
2019,4,24.3,36.05,17.63,33.6,74,XTBG,XTBG 2D,21.927067,101.264837,543,27,9,119,57,3
2019,4,24.3,36.05,17.63,33.6,74,XTBG,XTBG 2D,21.927067,101.264837,495,47,0,10,62,0
2019,4,24.3,36.05,17.63,33.6,74,XTBG,XTBG 2D,21.927067,101.264837,208,68,40,56,42,20
2019,4,24.3,36.05,17.63,33.6,74,XTBG,XTBG 2D,21.927067,101.264837,1568,14,0,19,23,9
2019,4,24.3,36.05,17.63,33.6,74,XTBG,XTBG 2D,21.927067,101.264837,884,64,9,37,53,5
2019,4,24.3,36.05,17.63,33.6,74,XTBG,XTBG 2D,21.927067,101.264837,1058,44,0,21,26,49
2019,4,24.3,36.05,17.63,33.6,74,XTBG,XTBG 2D,21.927067,101.264837,775,62,6,54,36,3
2019,4,24.3,36.05,17.63,33.6,74,XTBG,XTBG 2D,21.927067,101.264837,832,17,1,69,78,3
2019,4,24.3,36.05,17.63,33.6,74,XTBG,XTBG 2D,21.927067,101.264837,1606,10,0,24,38,37
2019,4,24.3,36.05,17.63,33.6,74,XTBG,XTBG 2D,21.927067,101.264837,1419,0,0,14,29,11
2019,4,24.3,36.05,17.63,33.6,74,XTBG,XTBG 2D,21.927067,101.264837,844,24,1,108,80,5
2019,4,24.3,36.05,17.63,33.6,74,XTBG,XTBG 2D,21.927067,101.264837,1032,17,0,28,70,2
2019,4,24.3,36.05,17.63,33.6,74,XTBG,XTBG 2D,21.927067,101.264837,694,42,3,14,37,8
2019,4,24.3,36.05,17.63,33.6,74,XTBG,XTBG 2D,21.927067,101.264837,1001,23,0,40,86,34
2019,4,24.3,36.05,17.63,33.6,74,XTBG,XTBG 2D,21.927067,101.264837,1021,24,4,20,144,5
2019,4,24.3,36.05,17.63,33.6,74,XTBG,XTBG 2D,21.927067,101.264837,1095,97,6,63,70,58
2019,4,24.3,36.05,17.63,33.6,74,XTBG,XTBG 2D,21.927067,101.264837,1129,18,0,37,104,68
2019,4,24.3,36.05,17.63,33.6,74,XTBG,XTBG 2D,21.927067,101.264837,815,42,6,45,90,9
2019,4,24.3,36.05,17.63,33.6,74,XTBG,XTBG 2D,21.927067,101.264837,1199,27,9,22,61,3
2019,4,24.3,36.05,17.63,33.6,74,XTBG,XTBG 2D,21.927067,101.264837,526,12,0,0,54,14
2019,4,24.3,36.05,17.63,33.6,74,XTBG,XTBG 2D,21.927067,101.264837,1055,176,14,19,85,9
2019,4,24.3,36.05,17.63,33.6,74,XTBG,XTBG 2D,21.927067,101.264837,666,0,1,52,95,11
2019,4,24.3,36.05,17.63,33.6,74,XTBG,XTBG 2D,21.927067,101.264837,711,185,99,13,63,135
2019,4,24.3,36.05,17.63,33.6,74,XTBG,XTBG 2D,21.927067,101.264837,436,114,33,36,42,8
2019,4,24.3,36.05,17.63,33.6,74,XTBG,XTBG 2D,21.927067,101.264837,1062,10,7,65,49,35
2019,4,24.3,36.05,17.63,33.6,74,XTBG,XTBG 2D,21.927067,101.264837,243,8,6,6,44,44
2019,4,24.3,36.05,17.63,33.6,74,XTBG,XTBG 2D,21.927067,101.264837,802,46,3,91,40,6
2019,4,24.3,36.05,17.63,33.6,74,XTBG,XTBG 2D,21.927067,101.264837,343,49,7,12,43,17
2019,4,24.3,36.05,17.63,33.6,74,XTBG,XTBG 2D,21.927067,101.264837,382,22,3,59,159,49
2019,4,24.3,36.05,17.63,33.6,74,XTBG,XTBG 2D,21.927067,101.264837,583,57,5,0,24,4
2019,4,24.3,36.05,17.63,33.6,74,XTBG,XTBG 3D,21.927067,101.264837,117,35,0,31,0,0
2019,4,24.3,36.05,17.63,33.6,74,XTBG,XTBG 3D,21.927067,101.264837,271,58,0,159,0,3
2019,4,24.3,36.05,17.63,33.6,74,XTBG,XTBG 3D,21.927067,101.264837,504,6,0,32,0,6
2019,4,24.3,36.05,17.63,33.6,74,XTBG,XTBG 3D,21.927067,101.264837,202,26,0,63,0,3
2019,4,24.3,36.05,17.63,33.6,74,XTBG,XTBG 3D,21.927067,101.264837,186,35,0,12,8,24
2019,4,24.3,36.05,17.63,33.6,74,XTBG,XTBG 3D,21.927067,101.264837,0,99,1,48,0,0
2019,4,24.3,36.05,17.63,33.6,74,XTBG,XTBG 3D,21.927067,101.264837,65,108,0,71,0,40
2019,4,24.3,36.05,17.63,33.6,74,XTBG,XTBG 3D,21.927067,101.264837,401,6,0,18,0,0
2019,4,24.3,36.05,17.63,33.6,74,XTBG,XTBG 3D,21.927067,101.264837,0,45,0,92,0,0
2019,4,24.3,36.05,17.63,33.6,74,XTBG,XTBG 3D,21.927067,101.264837,75,41,0,24,0,0
2019,4,24.3,36.05,17.63,33.6,74,XTBG,XTBG 3D,21.927067,101.264837,0,3,0,152,0,0
2019,4,24.3,36.05,17.63,33.6,74,XTBG,XTBG 3D,21.927067,101.264837,418,46,0,4,0,3
2019,4,24.3,36.05,17.63,33.6,74,XTBG,XTBG 3D,21.927067,101.264837,289,1,0,32,0,0
2019,4,24.3,36.05,17.63,33.6,74,XTBG,XTBG 3D,21.927067,101.264837,156,0,0,1,0,0
2019,4,24.3,36.05,17.63,33.6,74,XTBG,XTBG 3D,21.927067,101.264837,764,46,0,59,7,29
2019,4,24.3,36.05,17.63,33.6,74,XTBG,XTBG 3D,21.927067,101.264837,53,16,0,39,0,0
2019,4,24.3,36.05,17.63,33.6,74,XTBG,XTBG 3D,21.927067,101.264837,120,21,0,3,0,0
2019,4,24.3,36.05,17.63,33.6,74,XTBG,XTBG 3D,21.927067,101.264837,100,53,0,55,0,0
2019,4,24.3,36.05,17.63,33.6,74,XTBG,XTBG 3D,21.927067,101.264837,0,94,0,169,0,0
2019,4,24.3,36.05,17.63,33.6,74,XTBG,XTBG 3D,21.927067,101.264837,421,23,0,52,0,4
2019,4,24.3,36.05,17.63,33.6,74,XTBG,XTBG 3D,21.927067,101.264837,314,0,0,14,0,0
2019,4,24.3,36.05,17.63,33.6,74,XTBG,XTBG 3D,21.927067,101.264837,0,54,0,122,0,0
2019,4,24.3,36.05,17.63,33.6,74,XTBG,XTBG 3D,21.927067,101.264837,274,59,0,16,0,0
2019,4,24.3,36.05,17.63,33.6,74,XTBG,XTBG 3D,21.927067,101.264837,427,94,0,19,9,30
2019,4,24.3,36.05,17.63,33.6,74,XTBG,XTBG 3D,21.927067,101.264837,1120,3,0,31,0,30
2019,4,24.3,36.05,17.63,33.6,74,XTBG,XTBG 3D,21.927067,101.264837,235,21,0,30,0,0
2019,4,24.3,36.05,17.63,33.6,74,XTBG,XTBG 3D,21.927067,101.264837,272,2,0,12,4,0
2019,7,25.91,31.72,23.39,156.4,88,XTBG,XTBG 7D,21.927067,101.264837,271,8,0,83,6,8
2019,7,25.91,31.72,23.39,156.4,88,XTBG,XTBG 7D,21.927067,101.264837,235,15,0,36,21,13
2019,7,25.91,31.72,23.39,156.4,88,XTBG,XTBG 7D,21.927067,101.264837,347,37,0,85,15,21
2019,7,25.91,31.72,23.39,156.4,88,XTBG,XTBG 7D,21.927067,101.264837,76,27,0,95,1,0
2019,7,25.91,31.72,23.39,156.4,88,XTBG,XTBG 7D,21.927067,101.264837,199,176,1,147,42,47
2019,7,25.91,31.72,23.39,156.4,88,XTBG,XTBG 7D,21.927067,101.264837,346,6,0,135,30,16
2019,7,25.91,31.72,23.39,156.4,88,XTBG,XTBG 7D,21.927067,101.264837,306,8,0,246,16,4
2019,7,25.91,31.72,23.39,156.4,88,XTBG,XTBG 7D,21.927067,101.264837,102,50,4,261,0,3
2019,7,25.91,31.72,23.39,156.4,88,XTBG,XTBG 7D,21.927067,101.264837,349,38,0,38,8,0
2019,7,25.91,31.72,23.39,156.4,88,XTBG,XTBG 7D,21.927067,101.264837,180,48,0,221,4,32
2019,7,25.91,31.72,23.39,156.4,88,XTBG,XTBG 7D,21.927067,101.264837,133,125,18,208,0,11
2019,7,25.91,31.72,23.39,156.4,88,XTBG,XTBG 7D,21.927067,101.264837,538,0,0,33,0,0
2019,7,25.91,31.72,23.39,156.4,88,XTBG,XTBG 7D,21.927067,101.264837,202,103,18,43,0,8
2019,7,25.91,31.72,23.39,156.4,88,XTBG,XTBG 7D,21.927067,101.264837,358,2,0,29,14,0
2019,7,25.91,31.72,23.39,156.4,88,XTBG,XTBG 7D,21.927067,101.264837,551,10,0,220,20,0
2019,7,25.91,31.72,23.39,156.4,88,XTBG,XTBG 7D,21.927067,101.264837,57,29,0,360,0,0
2019,7,25.91,31.72,23.39,156.4,88,XTBG,XTBG 7D,21.927067,101.264837,1037,19,0,210,0,0
2019,7,25.91,31.72,23.39,156.4,88,XTBG,XTBG 7D,21.927067,101.264837,592,78,0,95,9,0
2019,7,25.91,31.72,23.39,156.4,88,XTBG,XTBG 7D,21.927067,101.264837,618,55,6,290,11,0
2019,7,25.91,31.72,23.39,156.4,88,XTBG,XTBG 7D,21.927067,101.264837,329,138,35,351,0,6
2019,7,25.91,31.72,23.39,156.4,88,XTBG,XTBG 7D,21.927067,101.264837,349,283,28,221,0,2
2019,7,25.91,31.72,23.39,156.4,88,XTBG,XTBG 7D,21.927067,101.264837,286,31,0,257,3,7
2019,7,25.91,31.72,23.39,156.4,88,XTBG,XTBG 7D,21.927067,101.264837,316,49,0,434,0,0
2019,7,25.91,31.72,23.39,156.4,88,XTBG,XTBG 7D,21.927067,101.264837,282,30,4,304,0,0
2019,7,25.91,31.72,23.39,156.4,88,XTBG,XTBG 7D,21.927067,101.264837,571,84,0,121,0,0
2019,7,25.91,31.72,23.39,156.4,88,XTBG,XTBG 7D,21.927067,101.264837,258,101,3,192,0,0
2019,7,25.91,31.72,23.39,156.4,88,XTBG,XTBG 7D,21.927067,101.264837,1255,6,0,236,7,0
2019,7,25.91,31.72,23.39,156.4,88,XTBG,XTBG 8D,21.927067,101.264837,218,2,0,330,6,22
2019,7,25.91,31.72,23.39,156.4,88,XTBG,XTBG 8D,21.927067,101.264837,94,63,1,478,0,18
2019,7,25.91,31.72,23.39,156.4,88,XTBG,XTBG 8D,21.927067,101.264837,682,5,0,396,19,40
2019,7,25.91,31.72,23.39,156.4,88,XTBG,XTBG 8D,21.927067,101.264837,322,27,1,174,28,42
2019,7,25.91,31.72,23.39,156.4,88,XTBG,XTBG 8D,21.927067,101.264837,344,7,0,322,14,18
2019,7,25.91,31.72,23.39,156.4,88,XTBG,XTBG 8D,21.927067,101.264837,203,1,0,367,16,28
2019,7,25.91,31.72,23.39,156.4,88,XTBG,XTBG 8D,21.927067,101.264837,39,3,0,439,1,23
2019,7,25.91,31.72,23.39,156.4,88,XTBG,XTBG 8D,21.927067,101.264837,133,18,1,429,2,63
2019,7,25.91,31.72,23.39,156.4,88,XTBG,XTBG 8D,21.927067,101.264837,321,21,0,546,3,23
2019,7,25.91,31.72,23.39,156.4,88,XTBG,XTBG 8D,21.927067,101.264837,187,35,0,748,10,53
2019,7,25.91,31.72,23.39,156.4,88,XTBG,XTBG 8D,21.927067,101.264837,216,0,0,431,3,74
2019,7,25.91,31.72,23.39,156.4,88,XTBG,XTBG 8D,21.927067,101.264837,28,74,3,114,0,61
2019,7,25.91,31.72,23.39,156.4,88,XTBG,XTBG 8D,21.927067,101.264837,368,0,4,19,6,33
2019,7,25.91,31.72,23.39,156.4,88,XTBG,XTBG 8D,21.927067,101.264837,170,14,6,85,26,65
2019,7,25.91,31.72,23.39,156.4,88,XTBG,XTBG 8D,21.927067,101.264837,311,2,2,120,27,50
2019,7,25.91,31.72,23.39,156.4,88,XTBG,XTBG 8D,21.927067,101.264837,20,36,6,286,3,48
2019,7,25.91,31.72,23.39,156.4,88,XTBG,XTBG 8D,21.927067,101.264837,14,23,1,323,0,46
2019,7,25.91,31.72,23.39,156.4,88,XTBG,XTBG 8D,21.927067,101.264837,480,7,0,209,20,33
2019,7,25.91,31.72,23.39,156.4,88,XTBG,XTBG 8D,21.927067,101.264837,335,12,1,428,0,46
2019,7,25.91,31.72,23.39,156.4,88,XTBG,XTBG 8D,21.927067,101.264837,42,81,0,326,0,16
2019,7,25.91,31.72,23.39,156.4,88,XTBG,XTBG 8D,21.927067,101.264837,71,2,0,28,5,0
2019,7,25.91,31.72,23.39,156.4,88,XTBG,XTBG 8D,21.927067,101.264837,139,27,7,284,3,57
2019,7,25.91,31.72,23.39,156.4,88,XTBG,XTBG 8D,21.927067,101.264837,199,0,0,284,19,59
2019,7,25.91,31.72,23.39,156.4,88,XTBG,XTBG 8D,21.927067,101.264837,201,88,0,17,10,29
2019,7,25.91,31.72,23.39,156.4,88,XTBG,XTBG 8D,21.927067,101.264837,455,44,0,367,35,23
2019,7,25.91,31.72,23.39,156.4,88,XTBG,XTBG 8D,21.927067,101.264837,68,1,0,380,0,13
2019,7,25.91,31.72,23.39,156.4,88,XTBG,XTBG 8D,21.927067,101.264837,1017,0,0,48,26,15
2019,7,25.91,31.72,23.39,156.4,88,XTBG,XTBG 8D,21.927067,101.264837,892,8,0,207,58,69
2019,7,25.91,31.72,23.39,156.4,88,XTBG,XTBG 8D,21.927067,101.264837,1233,0,0,575,86,39
2019,7,25.91,31.72,23.39,156.4,88,XTBG,XTBG 8D,21.927067,101.264837,923,0,0,759,5,22
2019,5,27.99,38.67,20.81,63,66,XTBG,XTBG 6D,21.927067,101.264837,79,232,0,803,0,229
2019,5,27.99,38.67,20.81,63,66,XTBG,XTBG 6D,21.927067,101.264837,397,171,0,1058,84,93
2019,5,27.99,38.67,20.81,63,66,XTBG,XTBG 6D,21.927067,101.264837,238,188,1,928,40,150
2019,5,27.99,38.67,20.81,63,66,XTBG,XTBG 6D,21.927067,101.264837,11,330,6,825,0,194
2019,5,27.99,38.67,20.81,63,66,XTBG,XTBG 6D,21.927067,101.264837,450,150,0,956,22,63
2019,5,27.99,38.67,20.81,63,66,XTBG,XTBG 6D,21.927067,101.264837,13,338,9,610,0,113
2019,5,27.99,38.67,20.81,63,66,XTBG,XTBG 6D,21.927067,101.264837,0,216,3,614,0,75
2019,5,27.99,38.67,20.81,63,66,XTBG,XTBG 6D,21.927067,101.264837,132,297,2,727,0,151
2019,5,27.99,38.67,20.81,63,66,XTBG,XTBG 6D,21.927067,101.264837,56,364,11,658,0,282
2019,5,27.99,38.67,20.81,63,66,XTBG,XTBG 6D,21.927067,101.264837,138,197,4,456,0,33
2019,5,27.99,38.67,20.81,63,66,XTBG,XTBG 6D,21.927067,101.264837,0,332,0,208,0,7
2019,5,27.99,38.67,20.81,63,66,XTBG,XTBG 6D,21.927067,101.264837,0,376,0,616,0,17
2019,5,27.99,38.67,20.81,63,66,XTBG,XTBG 6D,21.927067,101.264837,230,227,0,937,43,100
2019,5,27.99,38.67,20.81,63,66,XTBG,XTBG 6D,21.927067,101.264837,16,177,3,966,0,130
2019,5,27.99,38.67,20.81,63,66,XTBG,XTBG 6D,21.927067,101.264837,1,152,0,938,0,112
2019,5,27.99,38.67,20.81,63,66,XTBG,XTBG 6D,21.927067,101.264837,0,257,0,745,0,22
2019,5,27.99,38.67,20.81,63,66,XTBG,XTBG 6D,21.927067,101.264837,4,201,3,409,0,60
2019,5,27.99,38.67,20.81,63,66,XTBG,XTBG 6D,21.927067,101.264837,44,25,0,242,0,6
2019,5,27.99,38.67,20.81,63,66,XTBG,XTBG 6D,21.927067,101.264837,124,393,1,485,7,89
2019,5,27.99,38.67,20.81,63,66,XTBG,XTBG 6D,21.927067,101.264837,138,49,0,611,34,168
2019,5,27.99,38.67,20.81,63,66,XTBG,XTBG 6D,21.927067,101.264837,28,446,0,281,1,42
2004,1,15.88065,25.68065,11.80323,15,85.77419,XTBG,tree1,21.927067,101.264837,0,44,35,279,6,93
2004,1,15.88065,25.68065,11.80323,15,85.77419,XTBG,tree1,21.927067,101.264837,14,44,12,223,19,44
2004,1,15.88065,25.68065,11.80323,15,85.77419,XTBG,tree1,21.927067,101.264837,21,127,4,406,21,9
2004,1,15.88065,25.68065,11.80323,15,85.77419,XTBG,tree1,21.927067,101.264837,9,169,6,132,20,3
2004,1,15.88065,25.68065,11.80323,15,85.77419,XTBG,tree1,21.927067,101.264837,98,21,14,255,63,42
2004,1,15.88065,25.68065,11.80323,15,85.77419,XTBG,tree1,21.927067,101.264837,40,100,12,326,7,18
2004,1,15.88065,25.68065,11.80323,15,85.77419,XTBG,tree1,21.927067,101.264837,0,34,7,204,0,38
2004,1,15.88065,25.68065,11.80323,15,85.77419,XTBG,tree1,21.927067,101.264837,25,33,9,218,12,35
2004,1,15.88065,25.68065,11.80323,15,85.77419,XTBG,tree1,21.927067,101.264837,1,100,12,384,6,63
2004,1,15.88065,25.68065,11.80323,15,85.77419,XTBG,tree1,21.927067,101.264837,0,78,13,80,2,0
2004,1,15.88065,25.68065,11.80323,15,85.77419,XTBG,tree1,21.927067,101.264837,112,33,0,137,41,2
2004,1,15.88065,25.68065,11.80323,15,85.77419,XTBG,tree1,21.927067,101.264837,0,126,40,110,0,47
2003,12,17.30968,25.88387,13.73871,3.9,85.83871,XTBG,tree2,21.927067,101.264837,0,14,58,132,0,69
2003,12,17.30968,25.88387,13.73871,3.9,85.83871,XTBG,tree2,21.927067,101.264837,0,9,16,189,0,29
2003,12,17.30968,25.88387,13.73871,3.9,85.83871,XTBG,tree2,21.927067,101.264837,793,25,6,58,105,44
2003,12,17.30968,25.88387,13.73871,3.9,85.83871,XTBG,tree2,21.927067,101.264837,315,6,106,185,58,54
2003,12,17.30968,25.88387,13.73871,3.9,85.83871,XTBG,tree2,21.927067,101.264837,79,16,72,244,13,71
2003,12,17.30968,25.88387,13.73871,3.9,85.83871,XTBG,tree2,21.927067,101.264837,68,34,53,234,39,155
2003,12,17.30968,25.88387,13.73871,3.9,85.83871,XTBG,tree2,21.927067,101.264837,37,11,47,89,60,72
2003,12,17.30968,25.88387,13.73871,3.9,85.83871,XTBG,tree2,21.927067,101.264837,82,7,47,63,0,16
2003,12,17.30968,25.88387,13.73871,3.9,85.83871,XTBG,tree2,21.927067,101.264837,20,5,12,229,8,9
2003,12,17.30968,25.88387,13.73871,3.9,85.83871,XTBG,tree2,21.927067,101.264837,346,13,50,265,57,105
2003,12,17.30968,25.88387,13.73871,3.9,85.83871,XTBG,tree3,21.927067,101.264837,34,11,130,362,3,61
2003,12,17.30968,25.88387,13.73871,3.9,85.83871,XTBG,tree3,21.927067,101.264837,0,16,21,87,0,10
2003,12,17.30968,25.88387,13.73871,3.9,85.83871,XTBG,tree3,21.927067,101.264837,269,19,64,105,6,28
2003,12,17.30968,25.88387,13.73871,3.9,85.83871,XTBG,tree3,21.927067,101.264837,0,15,50,245,0,14
2003,12,17.30968,25.88387,13.73871,3.9,85.83871,XTBG,tree3,21.927067,101.264837,84,27,36,48,10,19
2003,12,17.30968,25.88387,13.73871,3.9,85.83871,XTBG,tree3,21.927067,101.264837,0,18,33,399,0,51
2003,12,17.30968,25.88387,13.73871,3.9,85.83871,XTBG,tree3,21.927067,101.264837,51,10,18,94,0,21
2003,12,17.30968,25.88387,13.73871,3.9,85.83871,XTBG,tree3,21.927067,101.264837,316,20,42,65,135,64
2003,12,17.30968,25.88387,13.73871,3.9,85.83871,XTBG,tree3,21.927067,101.264837,5,4,62,251,0,65
2003,12,17.30968,25.88387,13.73871,3.9,85.83871,XTBG,tree3,21.927067,101.264837,2,13,42,275,0,70
2003,12,17.30968,25.88387,13.73871,3.9,85.83871,XTBG,tree3,21.927067,101.264837,142,6,118,284,24,57
2003,12,17.30968,25.88387,13.73871,3.9,85.83871,XTBG,tree3,21.927067,101.264837,121,4,55,157,0,38
2003,12,17.30968,25.88387,13.73871,3.9,85.83871,XTBG,tree3,21.927067,101.264837,31,6,145,161,34,98
2003,12,17.30968,25.88387,13.73871,3.9,85.83871,XTBG,tree3,21.927067,101.264837,77,0,37,93,61,35
2003,12,17.30968,25.88387,13.73871,3.9,85.83871,XTBG,tree3,21.927067,101.264837,0,4,36,196,0,83
2003,12,17.30968,25.88387,13.73871,3.9,85.83871,XTBG,tree4,21.927067,101.264837,64,0,17,57,2,67
2003,12,17.30968,25.88387,13.73871,3.9,85.83871,XTBG,tree4,21.927067,101.264837,166,14,5,19,0,8
2003,12,17.30968,25.88387,13.73871,3.9,85.83871,XTBG,tree4,21.927067,101.264837,144,4,35,6,52,60
2003,12,17.30968,25.88387,13.73871,3.9,85.83871,XTBG,tree4,21.927067,101.264837,194,0,8,15,31,33
2003,12,17.30968,25.88387,13.73871,3.9,85.83871,XTBG,tree4,21.927067,101.264837,83,6,4,19,0,14
2003,12,17.30968,25.88387,13.73871,3.9,85.83871,XTBG,tree4,21.927067,101.264837,68,0,25,37,2,31
2003,12,17.30968,25.88387,13.73871,3.9,85.83871,XTBG,tree4,21.927067,101.264837,153,2,7,19,19,21
2002,5,24.37097,30.95161,20.95806,389.7,87.35484,XTBG,tree5,21.927067,101.264837,1912,0,0,5,28,29
2002,5,24.37097,30.95161,20.95806,389.7,87.35484,XTBG,tree5,21.927067,101.264837,1413,20,0,28,41,53
2002,5,24.37097,30.95161,20.95806,389.7,87.35484,XTBG,tree5,21.927067,101.264837,786,7,3,44,82,10
2002,5,24.37097,30.95161,20.95806,389.7,87.35484,XTBG,tree5,21.927067,101.264837,0,4,1,228,2,8
2002,5,24.37097,30.95161,20.95806,389.7,87.35484,XTBG,tree5,21.927067,101.264837,1050,31,5,211,15,7
2002,5,24.37097,30.95161,20.95806,389.7,87.35484,XTBG,tree5,21.927067,101.264837,93,14,14,499,2,45
2002,5,24.37097,30.95161,20.95806,389.7,87.35484,XTBG,tree5,21.927067,101.264837,421,58,6,193,16,34
2002,5,24.37097,30.95161,20.95806,389.7,87.35484,XTBG,tree5,21.927067,101.264837,685,5,2,155,6,10
2002,5,24.37097,30.95161,20.95806,389.7,87.35484,XTBG,tree5,21.927067,101.264837,90,4,1,99,4,19
2002,5,24.37097,30.95161,20.95806,389.7,87.35484,XTBG,tree5,21.927067,101.264837,25,6,3,189,3,37
2002,5,24.37097,30.95161,20.95806,389.7,87.35484,XTBG,tree5,21.927067,101.264837,676,180,20,97,63,60
2002,5,24.37097,30.95161,20.95806,389.7,87.35484,XTBG,tree5,21.927067,101.264837,1223,107,0,33,12,22
2002,5,24.37097,30.95161,20.95806,389.7,87.35484,XTBG,tree5,21.927067,101.264837,970,234,4,74,0,22
2002,5,24.37097,30.95161,20.95806,389.7,87.35484,XTBG,tree5,21.927067,101.264837,1423,136,7,30,11,14
2002,5,24.37097,30.95161,20.95806,389.7,87.35484,XTBG,tree5,21.927067,101.264837,1530,182,8,14,22,6
2002,5,24.37097,30.95161,20.95806,389.7,87.35484,XTBG,tree5,21.927067,101.264837,1010,313,29,95,38,8
2002,5,24.37097,30.95161,20.95806,389.7,87.35484,XTBG,tree5,21.927067,101.264837,955,480,10,129,89,24
2002,5,24.37097,30.95161,20.95806,389.7,87.35484,XTBG,tree5,21.927067,101.264837,1627,390,27,71,21,20
2002,5,24.37097,30.95161,20.95806,389.7,87.35484,XTBG,tree5,21.927067,101.264837,1445,178,9,64,38,19
2002,5,24.37097,30.95161,20.95806,389.7,87.35484,XTBG,tree5,21.927067,101.264837,1200,177,10,103,31,54
2002,5,24.37097,30.95161,20.95806,389.7,87.35484,XTBG,tree5,21.927067,101.264837,1837,246,18,118,37,12
2002,5,24.37097,30.95161,20.95806,389.7,87.35484,XTBG,tree5,21.927067,101.264837,1593,390,36,117,22,28
2002,5,24.37097,30.95161,20.95806,389.7,87.35484,XTBG,tree5,21.927067,101.264837,1464,268,22,50,27,14
2002,5,24.37097,30.95161,20.95806,389.7,87.35484,XTBG,tree5,21.927067,101.264837,1937,315,0,104,0,9
2002,5,24.37097,30.95161,20.95806,389.7,87.35484,XTBG,tree5,21.927067,101.264837,1696,396,9,76,21,35
2002,5,24.37097,30.95161,20.95806,389.7,87.35484,XTBG,tree5,21.927067,101.264837,1898,194,2,52,22,8
2002,5,24.37097,30.95161,20.95806,389.7,87.35484,XTBG,tree5,21.927067,101.264837,2061,178,12,67,30,0
2002,5,24.37097,30.95161,20.95806,389.7,87.35484,XTBG,tree5,21.927067,101.264837,1381,114,13,18,66,16
2002,5,24.37097,30.95161,20.95806,389.7,87.35484,XTBG,tree5,21.927067,101.264837,1589,146,11,39,32,17
2002,5,24.37097,30.95161,20.95806,389.7,87.35484,XTBG,tree5,21.927067,101.264837,1664,114,14,67,30,19
2002,5,24.37097,30.95161,20.95806,389.7,87.35484,XTBG,tree5,21.927067,101.264837,1510,228,22,60,25,62
2002,5,24.37097,30.95161,20.95806,389.7,87.35484,XTBG,tree5,21.927067,101.264837,1923,68,3,42,10,0
2002,5,24.37097,30.95161,20.95806,389.7,87.35484,XTBG,tree5,21.927067,101.264837,1946,200,0,36,8,4
2002,5,24.37097,30.95161,20.95806,389.7,87.35484,XTBG,tree5,21.927067,101.264837,1290,248,3,108,36,5
2002,5,24.37097,30.95161,20.95806,389.7,87.35484,XTBG,tree5,21.927067,101.264837,1411,388,3,90,21,13
2002,5,24.37097,30.95161,20.95806,389.7,87.35484,XTBG,tree5,21.927067,101.264837,1466,168,8,32,18,8
2002,5,24.37097,30.95161,20.95806,389.7,87.35484,XTBG,tree5,21.927067,101.264837,1677,370,6,79,21,6
2002,5,24.37097,30.95161,20.95806,389.7,87.35484,XTBG,tree5,21.927067,101.264837,1461,206,8,47,71,37
2002,5,24.37097,30.95161,20.95806,389.7,87.35484,XTBG,tree5,21.927067,101.264837,2014,196,14,27,0,0
2002,5,24.37097,30.95161,20.95806,389.7,87.35484,XTBG,tree5,21.927067,101.264837,1549,291,10,41,16,53
2002,5,24.37097,30.95161,20.95806,389.7,87.35484,XTBG,tree5,21.927067,101.264837,1734,316,2,67,16,10
2002,5,24.37097,30.95161,20.95806,389.7,87.35484,XTBG,tree5,21.927067,101.264837,1678,393,0,124,59,31
2002,5,24.37097,30.95161,20.95806,389.7,87.35484,XTBG,tree5,21.927067,101.264837,1384,415,10,113,30,23
2002,5,24.37097,30.95161,20.95806,389.7,87.35484,XTBG,tree5,21.927067,101.264837,1516,255,3,42,68,17
2002,5,24.37097,30.95161,20.95806,389.7,87.35484,XTBG,tree5,21.927067,101.264837,1548,56,6,93,18,7
2002,5,24.37097,30.95161,20.95806,389.7,87.35484,XTBG,tree5,21.927067,101.264837,1836,170,4,10,21,13
2002,5,24.37097,30.95161,20.95806,389.7,87.35484,XTBG,tree5,21.927067,101.264837,1467,165,8,18,14,27
2002,5,24.37097,30.95161,20.95806,389.7,87.35484,XTBG,tree5,21.927067,101.264837,1677,141,0,31,23,26
2002,5,24.37097,30.95161,20.95806,389.7,87.35484,XTBG,tree5,21.927067,101.264837,1620,186,4,51,12,22
2002,5,24.37097,30.95161,20.95806,389.7,87.35484,XTBG,tree5,21.927067,101.264837,1756,163,9,87,17,16
2002,5,24.37097,30.95161,20.95806,389.7,87.35484,XTBG,tree6,21.927067,101.264837,12,40,105,266,28,266
2002,5,24.37097,30.95161,20.95806,389.7,87.35484,XTBG,tree6,21.927067,101.264837,87,63,35,352,42,193
2002,5,24.37097,30.95161,20.95806,389.7,87.35484,XTBG,tree6,21.927067,101.264837,78,76,62,247,103,205
2002,5,24.37097,30.95161,20.95806,389.7,87.35484,XTBG,tree6,21.927067,101.264837,78,57,49,282,70,229
2002,5,24.37097,30.95161,20.95806,389.7,87.35484,XTBG,tree6,21.927067,101.264837,117,67,50,304,55,218
2002,5,24.37097,30.95161,20.95806,389.7,87.35484,XTBG,tree6,21.927067,101.264837,274,7,154,25,253,816
2002,5,24.37097,30.95161,20.95806,389.7,87.35484,XTBG,tree6,21.927067,101.264837,79,115,79,319,111,251
2002,5,24.37097,30.95161,20.95806,389.7,87.35484,XTBG,tree6,21.927067,101.264837,104,86,26,386,78,161
2002,5,24.37097,30.95161,20.95806,389.7,87.35484,XTBG,tree6,21.927067,101.264837,31,65,54,206,40,247
2002,5,24.37097,30.95161,20.95806,389.7,87.35484,XTBG,tree6,21.927067,101.264837,59,50,36,293,19,157
2002,5,24.37097,30.95161,20.95806,389.7,87.35484,XTBG,tree6,21.927067,101.264837,549,85,21,46,9,62
2002,5,24.37097,30.95161,20.95806,389.7,87.35484,XTBG,tree6,21.927067,101.264837,964,41,7,41,18,0
2002,5,24.37097,30.95161,20.95806,389.7,87.35484,XTBG,tree6,21.927067,101.264837,631,61,44,0,18,78
2002,5,24.37097,30.95161,20.95806,389.7,87.35484,XTBG,tree6,21.927067,101.264837,1319,124,12,0,0,0
2002,5,24.37097,30.95161,20.95806,389.7,87.35484,XTBG,tree6,21.927067,101.264837,1177,83,0,35,10,19
2002,5,24.37097,30.95161,20.95806,389.7,87.35484,XTBG,tree6,21.927067,101.264837,670,43,16,54,8,32
2002,5,24.37097,30.95161,20.95806,389.7,87.35484,XTBG,tree6,21.927067,101.264837,281,72,39,32,16,86
2002,5,24.37097,30.95161,20.95806,389.7,87.35484,XTBG,tree6,21.927067,101.264837,1787,30,3,75,0,0
2002,5,24.37097,30.95161,20.95806,389.7,87.35484,XTBG,tree6,21.927067,101.264837,1659,228,1,16,8,10
2002,5,24.37097,30.95161,20.95806,389.7,87.35484,XTBG,tree6,21.927067,101.264837,438,521,78,81,21,102
2002,5,24.37097,30.95161,20.95806,389.7,87.35484,XTBG,tree6,21.927067,101.264837,1616,90,4,94,0,11
2002,5,24.37097,30.95161,20.95806,389.7,87.35484,XTBG,tree6,21.927067,101.264837,913,49,26,17,50,71
2002,5,24.37097,30.95161,20.95806,389.7,87.35484,XTBG,tree6,21.927067,101.264837,1666,117,2,77,4,20
2002,5,24.37097,30.95161,20.95806,389.7,87.35484,XTBG,tree6,21.927067,101.264837,2226,72,0,16,7,0
2002,5,24.37097,30.95161,20.95806,389.7,87.35484,XTBG,tree6,21.927067,101.264837,2005,76,4,86,16,9
2002,5,24.37097,30.95161,20.95806,389.7,87.35484,XTBG,tree6,21.927067,101.264837,1491,68,28,106,47,28
2002,5,24.37097,30.95161,20.95806,389.7,87.35484,XTBG,tree6,21.927067,101.264837,1947,604,11,51,40,16
2002,5,24.37097,30.95161,20.95806,389.7,87.35484,XTBG,tree6,21.927067,101.264837,1429,39,27,239,31,61
2002,5,24.37097,30.95161,20.95806,389.7,87.35484,XTBG,tree6,21.927067,101.264837,753,64,112,175,25,306
2002,5,24.37097,30.95161,20.95806,389.7,87.35484,XTBG,tree6,21.927067,101.264837,1716,154,7,123,21,17
2002,5,24.37097,30.95161,20.95806,389.7,87.35484,XTBG,tree6,21.927067,101.264837,2111,165,0,120,19,6
2002,5,24.37097,30.95161,20.95806,389.7,87.35484,XTBG,tree6,21.927067,101.264837,1911,73,0,42,26,3
2002,5,24.37097,30.95161,20.95806,389.7,87.35484,XTBG,tree6,21.927067,101.264837,1904,323,1,121,70,8
2002,5,24.37097,30.95161,20.95806,389.7,87.35484,XTBG,tree6,21.927067,101.264837,1882,451,3,148,124,18
2002,5,24.37097,30.95161,20.95806,389.7,87.35484,XTBG,tree6,21.927067,101.264837,1588,296,17,184,35,11
2002,5,24.37097,30.95161,20.95806,389.7,87.35484,XTBG,tree6,21.927067,101.264837,1869,532,4,106,62,11
2002,5,24.37097,30.95161,20.95806,389.7,87.35484,XTBG,tree6,21.927067,101.264837,1711,223,13,58,6,10
2002,5,24.37097,30.95161,20.95806,389.7,87.35484,XTBG,tree6,21.927067,101.264837,1453,330,14,151,78,20
2002,5,24.37097,30.95161,20.95806,389.7,87.35484,XTBG,tree6,21.927067,101.264837,1801,262,8,55,58,16
2002,5,24.37097,30.95161,20.95806,389.7,87.35484,XTBG,tree6,21.927067,101.264837,1930,232,9,119,81,4
2002,5,24.37097,30.95161,20.95806,389.7,87.35484,XTBG,tree6,21.927067,101.264837,1649,269,17,65,46,26
2002,5,24.37097,30.95161,20.95806,389.7,87.35484,XTBG,tree6,21.927067,101.264837,1223,301,3,68,9,26
2002,5,24.37097,30.95161,20.95806,389.7,87.35484,XTBG,tree6,21.927067,101.264837,521,59,17,37,15,48
2002,5,24.37097,30.95161,20.95806,389.7,87.35484,XTBG,tree6,21.927067,101.264837,1585,195,4,76,60,0
2002,5,24.37097,30.95161,20.95806,389.7,87.35484,XTBG,tree6,21.927067,101.264837,1792,450,5,0,19,7
2002,5,24.37097,30.95161,20.95806,389.7,87.35484,XTBG,tree6,21.927067,101.264837,1130,164,23,62,25,43
2002,5,24.37097,30.95161,20.95806,389.7,87.35484,XTBG,tree6,21.927067,101.264837,1620,360,9,63,35,13
2002,5,24.37097,30.95161,20.95806,389.7,87.35484,XTBG,tree6,21.927067,101.264837,1705,104,11,33,29,20
2002,5,24.37097,30.95161,20.95806,389.7,87.35484,XTBG,tree6,21.927067,101.264837,1358,233,26,132,48,38
2002,5,24.37097,30.95161,20.95806,389.7,87.35484,XTBG,tree6,21.927067,101.264837,1184,105,12,89,42,16
2002,5,24.37097,30.95161,20.95806,389.7,87.35484,XTBG,tree6,21.927067,101.264837,916,197,8,36,42,51
2002,5,24.37097,30.95161,20.95806,389.7,87.35484,XTBG,tree6,21.927067,101.264837,1274,260,0,77,14,12
2002,5,24.37097,30.95161,20.95806,389.7,87.35484,XTBG,tree7,21.927067,101.264837,3024,10,11,163,125,36
2002,5,24.37097,30.95161,20.95806,389.7,87.35484,XTBG,tree7,21.927067,101.264837,2383,32,0,125,86,7
2002,5,24.37097,30.95161,20.95806,389.7,87.35484,XTBG,tree7,21.927067,101.264837,1311,42,26,221,18,50
2002,5,24.37097,30.95161,20.95806,389.7,87.35484,XTBG,tree7,21.927067,101.264837,1214,112,12,157,69,11
2002,5,24.37097,30.95161,20.95806,389.7,87.35484,XTBG,tree7,21.927067,101.264837,2121,105,61,184,148,105
2002,5,24.37097,30.95161,20.95806,389.7,87.35484,XTBG,tree7,21.927067,101.264837,1590,145,40,342,155,53
2002,5,24.37097,30.95161,20.95806,389.7,87.35484,XTBG,tree7,21.927067,101.264837,2563,352,29,410,220,127
2002,5,24.37097,30.95161,20.95806,389.7,87.35484,XTBG,tree7,21.927067,101.264837,983,114,2,93,46,21
2002,5,24.37097,30.95161,20.95806,389.7,87.35484,XTBG,tree7,21.927067,101.264837,2397,129,0,45,43,3
2002,5,24.37097,30.95161,20.95806,389.7,87.35484,XTBG,tree7,21.927067,101.264837,732,161,28,298,39,69
2002,5,24.37097,30.95161,20.95806,389.7,87.35484,XTBG,tree7,21.927067,101.264837,1313,313,7,74,23,15
2002,5,24.37097,30.95161,20.95806,389.7,87.35484,XTBG,tree7,21.927067,101.264837,1115,321,0,53,18,15
2002,5,24.37097,30.95161,20.95806,389.7,87.35484,XTBG,tree7,21.927067,101.264837,1151,184,11,32,20,13
2002,5,24.37097,30.95161,20.95806,389.7,87.35484,XTBG,tree7,21.927067,101.264837,1325,157,7,78,39,13
2002,5,24.37097,30.95161,20.95806,389.7,87.35484,XTBG,tree7,21.927067,101.264837,387,54,21,37,17,34
2002,5,24.37097,30.95161,20.95806,389.7,87.35484,XTBG,tree7,21.927067,101.264837,1099,208,18,54,35,17
2002,5,24.37097,30.95161,20.95806,389.7,87.35484,XTBG,tree7,21.927067,101.264837,1094,179,14,46,18,27
2002,5,24.37097,30.95161,20.95806,389.7,87.35484,XTBG,tree7,21.927067,101.264837,1721,140,8,81,27,16
2002,5,24.37097,30.95161,20.95806,389.7,87.35484,XTBG,tree7,21.927067,101.264837,1365,130,3,63,14,8
2002,5,24.37097,30.95161,20.95806,389.7,87.35484,XTBG,tree7,21.927067,101.264837,1310,106,16,61,28,12
2002,5,24.37097,30.95161,20.95806,389.7,87.35484,XTBG,tree7,21.927067,101.264837,1701,214,0,8,56,7
2002,5,24.37097,30.95161,20.95806,389.7,87.35484,XTBG,tree7,21.927067,101.264837,1953,819,0,16,50,0
2002,5,24.37097,30.95161,20.95806,389.7,87.35484,XTBG,tree7,21.927067,101.264837,1827,518,4,75,35,20
2002,5,24.37097,30.95161,20.95806,389.7,87.35484,XTBG,tree7,21.927067,101.264837,1435,321,12,111,47,36
2002,5,24.37097,30.95161,20.95806,389.7,87.35484,XTBG,tree7,21.927067,101.264837,1725,465,0,95,19,10
2002,5,24.37097,30.95161,20.95806,389.7,87.35484,XTBG,tree7,21.927067,101.264837,2093,312,10,41,20,0
2002,5,24.37097,30.95161,20.95806,389.7,87.35484,XTBG,tree7,21.927067,101.264837,1449,307,11,68,41,29
2002,5,24.37097,30.95161,20.95806,389.7,87.35484,XTBG,tree7,21.927067,101.264837,1840,382,0,82,50,16
2002,5,24.37097,30.95161,20.95806,389.7,87.35484,XTBG,tree7,21.927067,101.264837,1599,321,9,121,17,10
2002,5,24.37097,30.95161,20.95806,389.7,87.35484,XTBG,tree7,21.927067,101.264837,1746,524,4,58,17,15
2002,5,24.37097,30.95161,20.95806,389.7,87.35484,XTBG,tree7,21.927067,101.264837,1873,90,7,65,20,8
2002,5,24.37097,30.95161,20.95806,389.7,87.35484,XTBG,tree7,21.927067,101.264837,1539,65,16,20,47,10
2002,5,24.37097,30.95161,20.95806,389.7,87.35484,XTBG,tree7,21.927067,101.264837,1607,85,17,35,26,14
2002,5,24.37097,30.95161,20.95806,389.7,87.35484,XTBG,tree7,21.927067,101.264837,1582,60,5,60,7,22
2002,5,24.37097,30.95161,20.95806,389.7,87.35484,XTBG,tree7,21.927067,101.264837,1753,59,0,98,20,6
2002,5,24.37097,30.95161,20.95806,389.7,87.35484,XTBG,tree7,21.927067,101.264837,1604,85,4,40,16,7
2002,5,24.37097,30.95161,20.95806,389.7,87.35484,XTBG,tree7,21.927067,101.264837,2032,40,0,44,17,6
2002,5,24.37097,30.95161,20.95806,389.7,87.35484,XTBG,tree7,21.927067,101.264837,1128,318,25,73,43,89
2002,5,24.37097,30.95161,20.95806,389.7,87.35484,XTBG,tree7,21.927067,101.264837,1765,191,7,60,40,11
2002,5,24.37097,30.95161,20.95806,389.7,87.35484,XTBG,tree7,21.927067,101.264837,1687,163,13,64,8,24
2002,5,24.37097,30.95161,20.95806,389.7,87.35484,XTBG,tree7,21.927067,101.264837,1699,319,0,0,0,7
2002,5,24.37097,30.95161,20.95806,389.7,87.35484,XTBG,tree7,21.927067,101.264837,1535,240,16,22,36,23
2002,5,24.37097,30.95161,20.95806,389.7,87.35484,XTBG,tree7,21.927067,101.264837,1732,284,4,105,17,5
2002,5,24.37097,30.95161,20.95806,389.7,87.35484,XTBG,tree7,21.927067,101.264837,1404,231,3,46,32,9
2002,5,24.37097,30.95161,20.95806,389.7,87.35484,XTBG,tree7,21.927067,101.264837,1922,388,10,97,19,0
2002,5,24.37097,30.95161,20.95806,389.7,87.35484,XTBG,tree7,21.927067,101.264837,1859,614,0,99,50,17
2002,5,24.37097,30.95161,20.95806,389.7,87.35484,XTBG,tree7,21.927067,101.264837,2091,556,8,122,54,16
2002,5,24.37097,30.95161,20.95806,389.7,87.35484,XTBG,tree7,21.927067,101.264837,1424,320,4,80,35,28
2002,5,24.37097,30.95161,20.95806,389.7,87.35484,XTBG,tree7,21.927067,101.264837,1534,342,8,141,56,14
2002,5,24.37097,30.95161,20.95806,389.7,87.35484,XTBG,tree7,21.927067,101.264837,1891,339,0,142,71,13
2002,5,24.37097,30.95161,20.95806,389.7,87.35484,XTBG,tree8,21.927067,101.264837,518,182,0,300,109,26
2002,5,24.37097,30.95161,20.95806,389.7,87.35484,XTBG,tree8,21.927067,101.264837,361,86,3,206,102,15
2002,5,24.37097,30.95161,20.95806,389.7,87.35484,XTBG,tree8,21.927067,101.264837,396,106,6,264,103,27
2002,5,24.37097,30.95161,20.95806,389.7,87.35484,XTBG,tree8,21.927067,101.264837,299,184,9,395,97,43
2002,5,24.37097,30.95161,20.95806,389.7,87.35484,XTBG,tree8,21.927067,101.264837,368,120,2,329,103,30
2002,5,24.37097,30.95161,20.95806,389.7,87.35484,XTBG,tree8,21.927067,101.264837,391,170,4,281,64,27
2002,5,24.37097,30.95161,20.95806,389.7,87.35484,XTBG,tree8,21.927067,101.264837,323,112,1,332,84,31
2002,5,24.37097,30.95161,20.95806,389.7,87.35484,XTBG,tree8,21.927067,101.264837,578,124,7,186,95,29
2002,5,24.37097,30.95161,20.95806,389.7,87.35484,XTBG,tree8,21.927067,101.264837,475,135,4,200,65,27
2002,5,24.37097,30.95161,20.95806,389.7,87.35484,XTBG,tree8,21.927067,101.264837,209,179,6,237,181,38
2002,5,24.37097,30.95161,20.95806,389.7,87.35484,XTBG,tree9,21.927067,101.264837,177,145,10,260,62,30
2002,5,24.37097,30.95161,20.95806,389.7,87.35484,XTBG,tree9,21.927067,101.264837,337,49,3,146,116,28
2002,5,24.37097,30.95161,20.95806,389.7,87.35484,XTBG,tree9,21.927067,101.264837,260,1,3,138,10,33
2002,5,24.37097,30.95161,20.95806,389.7,87.35484,XTBG,tree9,21.927067,101.264837,331,11,6,122,16,41
2002,5,24.37097,30.95161,20.95806,389.7,87.35484,XTBG,tree9,21.927067,101.264837,238,91,8,262,171,64
2002,5,24.37097,30.95161,20.95806,389.7,87.35484,XTBG,tree9,21.927067,101.264837,146,121,12,185,206,49
2002,5,24.37097,30.95161,20.95806,389.7,87.35484,XTBG,tree9,21.927067,101.264837,530,9,6,148,8,50
2002,5,24.37097,30.95161,20.95806,389.7,87.35484,XTBG,tree9,21.927067,101.264837,325,6,0,193,10,43
2002,5,24.37097,30.95161,20.95806,389.7,87.35484,XTBG,tree9,21.927067,101.264837,156,4,3,126,4,20
2002,5,24.37097,30.95161,20.95806,389.7,87.35484,XTBG,tree9,21.927067,101.264837,175,181,6,202,68,41
2013,8,25.97,27.9,22.93,294,91.84,XTBG,XTBG16,21.927067,101.264837,227,131,18,148,10,9
2013,8,25.97,27.9,22.93,294,91.84,XTBG,XTBG16,21.927067,101.264837,886,90,0,214,0,1
2013,8,25.97,27.9,22.93,294,91.84,XTBG,XTBG16,21.927067,101.264837,266,47,4,183,2,8
2013,8,25.97,27.9,22.93,294,91.84,XTBG,XTBG16,21.927067,101.264837,188,25,13,61,1,12
2013,8,25.97,27.9,22.93,294,91.84,XTBG,XTBG16,21.927067,101.264837,88,53,33,317,0,5
2013,8,25.97,27.9,22.93,294,91.84,XTBG,XTBG16,21.927067,101.264837,124,33,16,150,0,34
2013,8,25.97,27.9,22.93,294,91.84,XTBG,XTBG16,21.927067,101.264837,164,15,23,127,0,16
2013,8,25.97,27.9,22.93,294,91.84,XTBG,XTBG16,21.927067,101.264837,233,3,1,97,0,3
2013,8,25.97,27.9,22.93,294,91.84,XTBG,XTBG16,21.927067,101.264837,1,32,3,198,0,7
2013,8,25.97,27.9,22.93,294,91.84,XTBG,XTBG16,21.927067,101.264837,320,34,4,115,65,4
2013,8,25.97,27.9,22.93,294,91.84,XTBG,XTBG16,21.927067,101.264837,350,31,4,87,3,10
2013,8,25.97,27.9,22.93,294,91.84,XTBG,XTBG16,21.927067,101.264837,178,61,18,132,0,4
2013,8,25.97,27.9,22.93,294,91.84,XTBG,XTBG16,21.927067,101.264837,102,65,16,70,0,28
2013,8,25.97,27.9,22.93,294,91.84,XTBG,XTBG16,21.927067,101.264837,143,47,6,151,21,7
2013,8,25.97,27.9,22.93,294,91.84,XTBG,XTBG16,21.927067,101.264837,69,38,0,205,0,8
2013,9,23.38,"27,17",23.2,93.5,89.16,XTBG,XTBG19,21.927067,101.264837,1234,15,0,2,43,0
2013,9,23.38,"27,17",23.2,93.5,89.16,XTBG,XTBG19,21.927067,101.264837,1102,94,0,0,4,3
2013,9,23.38,"27,17",23.2,93.5,89.16,XTBG,XTBG19,21.927067,101.264837,940,16,0,15,46,7
2013,9,23.38,"27,17",23.2,93.5,89.16,XTBG,XTBG19,21.927067,101.264837,1720,49,0,8,92,34
2013,9,23.38,"27,17",23.2,93.5,89.16,XTBG,XTBG19,21.927067,101.264837,1268,22,0,3,125,2
2013,9,23.38,"27,17",23.2,93.5,89.16,XTBG,XTBG19,21.927067,101.264837,1534,21,0,144,64,3
2013,9,23.38,"27,17",23.2,93.5,89.16,XTBG,XTBG19,21.927067,101.264837,583,41,0,0,55,0
2013,9,23.38,"27,17",23.2,93.5,89.16,XTBG,XTBG19,21.927067,101.264837,1696,125,3,15,12,0
2013,9,23.38,"27,17",23.2,93.5,89.16,XTBG,XTBG19,21.927067,101.264837,1446,29,0,41,50,2
2013,9,23.38,"27,17",23.2,93.5,89.16,XTBG,XTBG19,21.927067,101.264837,1093,6,0,2,9,0
2013,9,23.38,"27,17",23.2,93.5,89.16,XTBG,XTBG19,21.927067,101.264837,973,18,0,3,48,0
2013,9,23.38,"27,17",23.2,93.5,89.16,XTBG,XTBG19,21.927067,101.264837,2086,133,0,36,18,6
2013,9,23.38,"27,17",23.2,93.5,89.16,XTBG,XTBG19,21.927067,101.264837,871,49,0,14,27,6
2013,9,23.38,"27,17",23.2,93.5,89.16,XTBG,XTBG19,21.927067,101.264837,1391,4,0,0,6,0
2013,9,23.38,"27,17",23.2,93.5,89.16,XTBG,XTBG19,21.927067,101.264837,1476,4,0,12,32,0
2013,9,23.38,"27,17",23.2,93.5,89.16,XTBG,XTBG19,21.927067,101.264837,1249,41,0,11,29,0
2013,9,23.38,"27,17",23.2,93.5,89.16,XTBG,XTBG19,21.927067,101.264837,850,85,0,9,42,1
2013,10,22.8,25.6,18.9,158.65,89.56,XTBG,XTBG2,21.927067,101.264837,2,6,0,127,14,0
2013,10,22.8,25.6,18.9,158.65,89.56,XTBG,XTBG2,21.927067,101.264837,22,14,6,94,0,20
2013,10,22.8,25.6,18.9,158.65,89.56,XTBG,XTBG2,21.927067,101.264837,0,24,39,73,0,14
2013,10,22.8,25.6,18.9,158.65,89.56,XTBG,XTBG2,21.927067,101.264837,140,53,0,190,0,27
2013,10,22.8,25.6,18.9,158.65,89.56,XTBG,XTBG2,21.927067,101.264837,346,4,0,80,70,103
2013,10,22.8,25.6,18.9,158.65,89.56,XTBG,XTBG2,21.927067,101.264837,275,5,6,55,10,82
2013,10,22.8,25.6,18.9,158.65,89.56,XTBG,XTBG2,21.927067,101.264837,464,143,15,176,0,69
2013,10,22.8,25.6,18.9,158.65,89.56,XTBG,XTBG2,21.927067,101.264837,93,13,2,66,0,10
2013,10,22.8,25.6,18.9,158.65,89.56,XTBG,XTBG2,21.927067,101.264837,13,2,0,165,0,72
2013,10,22.8,25.6,18.9,158.65,89.56,XTBG,XTBG2,21.927067,101.264837,0,11,14,224,0,51
2013,10,22.8,25.6,18.9,158.65,89.56,XTBG,XTBG2,21.927067,101.264837,70,0,2,116,7,34
2013,10,22.8,25.6,18.9,158.65,89.56,XTBG,XTBG2,21.927067,101.264837,0,14,3,259,0,34
2013,10,22.8,25.6,18.9,158.65,89.56,XTBG,XTBG2,21.927067,101.264837,679,23,0,71,4,36
2013,10,22.8,25.6,18.9,158.65,89.56,XTBG,XTBG2,21.927067,101.264837,58,61,4,205,0,53
2013,10,22.8,25.6,18.9,158.65,89.56,XTBG,XTBG2,21.927067,101.264837,1100,32,5,0,7,57
2013,11,21.54,23.76,17.8,7.65,88.2,XTBG,XTBG16,21.927067,101.264837,83,229,12,63,20,24
2013,11,21.54,23.76,17.8,7.65,88.2,XTBG,XTBG16,21.927067,101.264837,0,4,49,174,0,33
2013,11,21.54,23.76,17.8,7.65,88.2,XTBG,XTBG16,21.927067,101.264837,118,91,138,386,13,54
2013,11,21.54,23.76,17.8,7.65,88.2,XTBG,XTBG16,21.927067,101.264837,131,7,26,938,6,20
2013,11,21.54,23.76,17.8,7.65,88.2,XTBG,XTBG16,21.927067,101.264837,6,35,1,15,1,1
2013,11,21.54,23.76,17.8,7.65,88.2,XTBG,XTBG16,21.927067,101.264837,35,68,153,190,1,62
2013,11,21.54,23.76,17.8,7.65,88.2,XTBG,XTBG16,21.927067,101.264837,43,144,19,336,0,34
2013,11,21.54,23.76,17.8,7.65,88.2,XTBG,XTBG16,21.927067,101.264837,166,84,122,336,31,58
2013,11,21.54,23.76,17.8,7.65,88.2,XTBG,XTBG16,21.927067,101.264837,111,128,126,340,11,85
2013,11,21.54,23.76,17.8,7.65,88.2,XTBG,XTBG16,21.927067,101.264837,143,18,23,483,67,11
2013,11,21.54,23.76,17.8,7.65,88.2,XTBG,XTBG16,21.927067,101.264837,226,31,68,481,43,40
2013,11,21.54,23.76,17.8,7.65,88.2,XTBG,XTBG16,21.927067,101.264837,73,64,96,682,1,59
2013,11,21.54,23.76,17.8,7.65,88.2,XTBG,XTBG16,21.927067,101.264837,68,15,35,945,0,24
2013,11,21.54,23.76,17.8,7.65,88.2,XTBG,XTBG16,21.927067,101.264837,9,80,217,364,0,96
2013,12,16.67,20.2,10.87,208.9,80.1,XTBG,XTBG17,21.927067,101.264837,653,78,10,213,154,77
2013,12,16.67,20.2,10.87,208.9,80.1,XTBG,XTBG17,21.927067,101.264837,659,160,21,159,17,71
2013,12,16.67,20.2,10.87,208.9,80.1,XTBG,XTBG17,21.927067,101.264837,1189,69,4,45,96,19
2013,12,16.67,20.2,10.87,208.9,80.1,XTBG,XTBG17,21.927067,101.264837,418,126,3,36,26,13
2013,12,16.67,20.2,10.87,208.9,80.1,XTBG,XTBG17,21.927067,101.264837,251,76,0,169,0,27
2013,12,16.67,20.2,10.87,208.9,80.1,XTBG,XTBG17,21.927067,101.264837,290,8,0,16,5,14
2013,12,16.67,20.2,10.87,208.9,80.1,XTBG,XTBG17,21.927067,101.264837,152,51,1,144,0,26
2013,12,16.67,20.2,10.87,208.9,80.1,XTBG,XTBG17,21.927067,101.264837,402,117,25,298,12,16
2013,12,16.67,20.2,10.87,208.9,80.1,XTBG,XTBG17,21.927067,101.264837,484,32,9,417,21,74
2013,12,16.67,20.2,10.87,208.9,80.1,XTBG,XTBG17,21.927067,101.264837,871,115,2,164,20,70
2013,12,16.67,20.2,10.87,208.9,80.1,XTBG,XTBG17,21.927067,101.264837,490,115,19,306,84,44
2013,12,16.67,20.2,10.87,208.9,80.1,XTBG,XTBG17,21.927067,101.264837,1678,250,18,250,84,90
2013,12,16.67,20.2,10.87,208.9,80.1,XTBG,XTBG17,21.927067,101.264837,428,89,13,238,16,25
2013,12,16.67,20.2,10.87,208.9,80.1,XTBG,XTBG17,21.927067,101.264837,518,67,47,353,37,22
2013,12,16.67,20.2,10.87,208.9,80.1,XTBG,XTBG17,21.927067,101.264837,270,162,7,377,5,43
2013,12,16.67,20.2,10.87,208.9,80.1,XTBG,XTBG17,21.927067,101.264837,155,160,11,545,0,69
2013,12,16.67,20.2,10.87,208.9,80.1,XTBG,XTBG17,21.927067,101.264837,431,146,9,274,25,59
2013,12,16.67,20.2,10.87,208.9,80.1,XTBG,XTBG17,21.927067,101.264837,144,202,26,304,9,71
2013,12,16.67,20.2,10.87,208.9,80.1,XTBG,XTBG17,21.927067,101.264837,373,20,8,160,5,7
2014,1,17.18,19,14,0,60.3,XTBG,XTBG2,21.927067,101.264837,0,55,4,46,0,0
2014,1,17.18,19,14,0,60.3,XTBG,XTBG2,21.927067,101.264837,1,31,4,26,0,1
2014,1,17.18,19,14,0,60.3,XTBG,XTBG2,21.927067,101.264837,0,110,7,42,0,0
2014,1,17.18,19,14,0,60.3,XTBG,XTBG2,21.927067,101.264837,0,201,38,57,0,14
2014,1,17.18,19,14,0,60.3,XTBG,XTBG2,21.927067,101.264837,0,183,42,54,0,9
2014,1,17.18,19,14,0,60.3,XTBG,XTBG2,21.927067,101.264837,0,116,2,75,0,0
2014,1,17.18,19,14,0,60.3,XTBG,XTBG2,21.927067,101.264837,9,334,49,209,0,90
2014,1,17.18,19,14,0,60.3,XTBG,XTBG2,21.927067,101.264837,6,206,45,24,0,6
2014,1,17.18,19,14,0,60.3,XTBG,XTBG2,21.927067,101.264837,0,411,19,318,0,75
2014,1,17.18,19,14,0,60.3,XTBG,XTBG2,21.927067,101.264837,0,445,22,263,0,113
2014,1,17.18,19,14,0,60.3,XTBG,XTBG2,21.927067,101.264837,0,274,10,100,0,2
2014,1,17.18,19,14,0,60.3,XTBG,XTBG2,21.927067,101.264837,0,494,22,112,0,15
2014,1,17.18,19,14,0,60.3,XTBG,XTBG2,21.927067,101.264837,0,343,14,236,0,197
2014,1,17.18,19,14,0,60.3,XTBG,XTBG2,21.927067,101.264837,116,161,12,388,2,88
2014,1,17.18,19,14,0,60.3,XTBG,XTBG2,21.927067,101.264837,0,469,44,417,0,135
2014,1,17.18,19,14,0,60.3,XTBG,XTBG2,21.927067,101.264837,10,436,31,561,0,158
2014,1,17.18,19,14,0,60.3,XTBG,XTBG2,21.927067,101.264837,0,674,22,479,0,177
2014,3,22.52,25.4,19.7,43.3,70.8,XTBG,XTBG3,21.927067,101.264837,288,0,0,26,0,0
2014,3,22.52,25.4,19.7,43.3,70.8,XTBG,XTBG3,21.927067,101.264837,323,0,0,0,0,0
2014,3,22.52,25.4,19.7,43.3,70.8,XTBG,XTBG3,21.927067,101.264837,201,0,0,0,0,0
2014,3,22.52,25.4,19.7,43.3,70.8,XTBG,XTBG3,21.927067,101.264837,299,0,0,0,0,0
2014,3,22.52,25.4,19.7,43.3,70.8,XTBG,XTBG3,21.927067,101.264837,394,1,0,8,0,0
2014,3,22.52,25.4,19.7,43.3,70.8,XTBG,XTBG3,21.927067,101.264837,349,0,0,6,0,2
2014,3,22.52,25.4,19.7,43.3,70.8,XTBG,XTBG3,21.927067,101.264837,255,6,0,72,0,0
2014,3,22.52,25.4,19.7,43.3,70.8,XTBG,XTBG3,21.927067,101.264837,336,6,0,45,0,0
2014,3,22.52,25.4,19.7,43.3,70.8,XTBG,XTBG3,21.927067,101.264837,613,2,0,33,1,0
2014,3,22.52,25.4,19.7,43.3,70.8,XTBG,XTBG3,21.927067,101.264837,395,4,0,16,0,0
2014,3,22.52,25.4,19.7,43.3,70.8,XTBG,XTBG3,21.927067,101.264837,475,0,0,12,0,0
2014,3,22.52,25.4,19.7,43.3,70.8,XTBG,XTBG3,21.927067,101.264837,382,2,0,11,0,0
2014,3,22.52,25.4,19.7,43.3,70.8,XTBG,XTBG3,21.927067,101.264837,430,0,0,94,0,3
2014,3,22.52,25.4,19.7,43.3,70.8,XTBG,XTBG3,21.927067,101.264837,554,0,0,10,0,0
2014,3,22.52,25.4,19.7,43.3,70.8,XTBG,XTBG3,21.927067,101.264837,780,2,0,5,0,0
2014,4,25.84,29.33,21.3,83.5,78.25,XTBG,XTBG28,21.927067,101.264837,210,107,0,355,0,4
2014,4,25.84,29.33,21.3,83.5,78.25,XTBG,XTBG28,21.927067,101.264837,0,0,0,0,0,0
2014,4,25.84,29.33,21.3,83.5,78.25,XTBG,XTBG28,21.927067,101.264837,48,46,0,1010,0,8
2014,4,25.84,29.33,21.3,83.5,78.25,XTBG,XTBG28,21.927067,101.264837,375,34,0,41,1,8
2014,4,25.84,29.33,21.3,83.5,78.25,XTBG,XTBG28,21.927067,101.264837,573,56,0,192,6,7
2014,4,25.84,29.33,21.3,83.5,78.25,XTBG,XTBG28,21.927067,101.264837,1823,52,0,446,7,56
2014,4,25.84,29.33,21.3,83.5,78.25,XTBG,XTBG28,21.927067,101.264837,1277,0,0,297,28,11
2014,4,25.84,29.33,21.3,83.5,78.25,XTBG,XTBG28,21.927067,101.264837,1681,1,0,354,104,126
2014,4,25.84,29.33,21.3,83.5,78.25,XTBG,XTBG28,21.927067,101.264837,2886,1,1,67,60,14
2014,4,25.84,29.33,21.3,83.5,78.25,XTBG,XTBG28,21.927067,101.264837,3420,65,0,27,65,82
2014,4,25.84,29.33,21.3,83.5,78.25,XTBG,XTBG28,21.927067,101.264837,1340,0,0,31,3,22
2014,4,25.84,29.33,21.3,83.5,78.25,XTBG,XTBG28,21.927067,101.264837,2799,0,6,20,17,46
2014,4,25.84,29.33,21.3,83.5,78.25,XTBG,XTBG28,21.927067,101.264837,1824,9,3,21,7,74
2014,4,25.84,29.33,21.3,83.5,78.25,XTBG,XTBG28,21.927067,101.264837,581,2,0,407,0,7
2014,4,25.84,29.33,21.3,83.5,78.25,XTBG,XTBG28,21.927067,101.264837,2646,1,0,10,7,49
2014,4,25.84,29.33,21.3,83.5,78.25,XTBG,XTBG28,21.927067,101.264837,41,10,0,1136,12,10
2014,5,27.1,30.2,22.4,97.1,79.13,XTBG,XTBG2,21.927067,101.264837,3964,4,0,0,94,50
2014,5,27.1,30.2,22.4,97.1,79.13,XTBG,XTBG2,21.927067,101.264837,0,0,0,0,0,0
2014,5,27.1,30.2,22.4,97.1,79.13,XTBG,XTBG2,21.927067,101.264837,2382,0,0,8,109,75
2014,5,27.1,30.2,22.4,97.1,79.13,XTBG,XTBG2,21.927067,101.264837,1766,0,1,21,10,295
2014,5,27.1,30.2,22.4,97.1,79.13,XTBG,XTBG2,21.927067,101.264837,1997,27,1,53,10,100
2014,5,27.1,30.2,22.4,97.1,79.13,XTBG,XTBG2,21.927067,101.264837,1450,20,0,47,22,108
2014,5,27.1,30.2,22.4,97.1,79.13,XTBG,XTBG2,21.927067,101.264837,2871,4,0,35,11,54
2014,5,27.1,30.2,22.4,97.1,79.13,XTBG,XTBG2,21.927067,101.264837,1726,0,0,5,6,0
2014,5,27.1,30.2,22.4,97.1,79.13,XTBG,XTBG2,21.927067,101.264837,2958,1,0,4,51,71
2014,5,27.1,30.2,22.4,97.1,79.13,XTBG,XTBG2,21.927067,101.264837,1539,2,0,47,7,34
2014,5,27.1,30.2,22.4,97.1,79.13,XTBG,XTBG2,21.927067,101.264837,1751,17,3,85,0,172
2014,5,27.1,30.2,22.4,97.1,79.13,XTBG,XTBG2,21.927067,101.264837,2192,10,1,77,21,63
2014,5,27.1,30.2,22.4,97.1,79.13,XTBG,XTBG2,21.927067,101.264837,757,5,0,68,0,7
2014,5,27.1,30.2,22.4,97.1,79.13,XTBG,XTBG2,21.927067,101.264837,1120,6,0,50,2,18
2014,5,27.1,30.2,22.4,97.1,79.13,XTBG,XTBG2,21.927067,101.264837,1861,4,0,25,40,21
2014,5,27.1,30.2,22.4,97.1,79.13,XTBG,XTBG2,21.927067,101.264837,1344,10,0,39,17,25
2014,6,27.7,30.9,24.7,116.45,79.76,XTBG,XTBG23,21.927067,101.264837,787,10,4,27,6,28
2014,6,27.7,30.9,24.7,116.45,79.76,XTBG,XTBG23,21.927067,101.264837,909,36,2,19,74,25
2014,6,27.7,30.9,24.7,116.45,79.76,XTBG,XTBG23,21.927067,101.264837,800,14,5,12,30,36
2014,6,27.7,30.9,24.7,116.45,79.76,XTBG,XTBG23,21.927067,101.264837,675,18,0,45,18,53
2014,6,27.7,30.9,24.7,116.45,79.76,XTBG,XTBG23,21.927067,101.264837,1840,15,1,42,7,44
2014,6,27.7,30.9,24.7,116.45,79.76,XTBG,XTBG23,21.927067,101.264837,1320,8,0,32,35,34
2014,6,27.7,30.9,24.7,116.45,79.76,XTBG,XTBG23,21.927067,101.264837,1216,18,0,53,36,10
2014,6,27.7,30.9,24.7,116.45,79.76,XTBG,XTBG23,21.927067,101.264837,1586,6,0,33,30,40
2014,6,27.7,30.9,24.7,116.45,79.76,XTBG,XTBG23,21.927067,101.264837,513,12,3,66,9,55
2014,6,27.7,30.9,24.7,116.45,79.76,XTBG,XTBG23,21.927067,101.264837,812,20,0,17,14,32
2014,6,27.7,30.9,24.7,116.45,79.76,XTBG,XTBG23,21.927067,101.264837,784,16,3,26,50,5
2014,6,27.7,30.9,24.7,116.45,79.76,XTBG,XTBG23,21.927067,101.264837,391,69,6,10,11,29
2014,6,27.7,30.9,24.7,116.45,79.76,XTBG,XTBG23,21.927067,101.264837,886,54,1,30,69,5
2014,6,27.7,30.9,24.7,116.45,79.76,XTBG,XTBG23,21.927067,101.264837,1546,1,0,15,19,87
2014,6,27.7,30.9,24.7,116.45,79.76,XTBG,XTBG23,21.927067,101.264837,1946,3,0,10,24,181
2014,7,26.5,28.3,24.1,304.7,78.13,XTBG,XTBG29,21.927067,101.264837,1630,30,0,421,52,10
2014,7,26.5,28.3,24.1,304.7,78.13,XTBG,XTBG29,21.927067,101.264837,2093,6,0,176,18,5
2014,7,26.5,28.3,24.1,304.7,78.13,XTBG,XTBG29,21.927067,101.264837,2665,0,0,7,8,8
2014,7,26.5,28.3,24.1,304.7,78.13,XTBG,XTBG29,21.927067,101.264837,2023,2,0,3,6,23
2014,7,26.5,28.3,24.1,304.7,78.13,XTBG,XTBG29,21.927067,101.264837,1326,19,0,131,89,4
2014,7,26.5,28.3,24.1,304.7,78.13,XTBG,XTBG29,21.927067,101.264837,1424,19,0,101,26,7
2014,7,26.5,28.3,24.1,304.7,78.13,XTBG,XTBG29,21.927067,101.264837,968,0,0,41,18,9
2014,7,26.5,28.3,24.1,304.7,78.13,XTBG,XTBG29,21.927067,101.264837,1747,0,0,13,16,0
2014,7,26.5,28.3,24.1,304.7,78.13,XTBG,XTBG29,21.927067,101.264837,79,0,0,9,0,0
2014,7,26.5,28.3,24.1,304.7,78.13,XTBG,XTBG29,21.927067,101.264837,784,7,2,67,43,5
2014,7,26.5,28.3,24.1,304.7,78.13,XTBG,XTBG29,21.927067,101.264837,1178,12,0,161,8,0
2014,7,26.5,28.3,24.1,304.7,78.13,XTBG,XTBG29,21.927067,101.264837,1035,0,0,73,27,8
2014,7,26.5,28.3,24.1,304.7,78.13,XTBG,XTBG29,21.927067,101.264837,862,13,5,451,45,26
2014,7,26.5,28.3,24.1,304.7,78.13,XTBG,XTBG29,21.927067,101.264837,691,0,0,2,50,0
2014,7,26.5,28.3,24.1,304.7,78.13,XTBG,XTBG29,21.927067,101.264837,1790,22,0,99,1,0
2014,7,26.5,28.3,24.1,304.7,78.13,XTBG,XTBG29,21.927067,101.264837,104,49,21,340,30,139
2013,8,24.71,31.9,20.9,218.7,85,Liuku,tree16,25.842691,98.854532,11,122,230,11,0,94
2013,8,24.71,31.9,20.9,218.7,85,Liuku,tree16,25.842691,98.854532,81,59,274,19,56,35
2013,8,24.71,31.9,20.9,218.7,85,Liuku,tree16,25.842691,98.854532,72,81,390,13,80,76
2013,8,24.71,31.9,20.9,218.7,85,Liuku,tree16,25.842691,98.854532,40,97,332,15,18,93
2013,8,24.71,31.9,20.9,218.7,85,Liuku,tree16,25.842691,98.854532,37,8,283,5,28,39
2013,8,24.71,31.9,20.9,218.7,85,Liuku,tree16,25.842691,98.854532,71,40,256,11,5,48
2013,8,24.71,31.9,20.9,218.7,85,Liuku,tree16,25.842691,98.854532,93,165,197,28,0,81
2013,8,24.71,31.9,20.9,218.7,85,Liuku,tree16,25.842691,98.854532,146,45,279,18,8,87
2013,8,24.71,31.9,20.9,218.7,85,Liuku,tree16,25.842691,98.854532,101,63,153,46,41,10
2013,8,24.71,31.9,20.9,218.7,85,Liuku,tree16,25.842691,98.854532,81,54,179,29,20,82
2013,8,24.71,31.9,20.9,218.7,85,Liuku,tree16,25.842691,98.854532,65,71,315,22,2,86
2013,8,24.71,31.9,20.9,218.7,85,Liuku,tree16,25.842691,98.854532,99,74,114,13,59,65
2013,8,24.71,31.9,20.9,218.7,85,Liuku,tree16,25.842691,98.854532,66,77,155,19,12,114
2013,8,24.71,31.9,20.9,218.7,85,Liuku,tree16,25.842691,98.854532,26,66,397,32,6,108
2013,8,24.71,31.9,20.9,218.7,85,Liuku,tree16,25.842691,98.854532,18,54,249,23,1,17
2013,9,23.5,33.1,18.9,217.1,87.7,Liuku,tree5,25.842691,98.854532,6,76,147,16,9,40
2013,9,23.5,33.1,18.9,217.1,87.7,Liuku,tree5,25.842691,98.854532,0,95,129,28,0,49
2013,9,23.5,33.1,18.9,217.1,87.7,Liuku,tree5,25.842691,98.854532,18,156,227,6,1,14
2013,9,23.5,33.1,18.9,217.1,87.7,Liuku,tree5,25.842691,98.854532,1,93,106,9,1,23
2013,9,23.5,33.1,18.9,217.1,87.7,Liuku,tree5,25.842691,98.854532,2,135,133,5,0,43
2013,9,23.5,33.1,18.9,217.1,87.7,Liuku,tree5,25.842691,98.854532,1,83,245,11,9,71
2013,9,23.5,33.1,18.9,217.1,87.7,Liuku,tree5,25.842691,98.854532,1,164,325,0,0,14
2013,9,23.5,33.1,18.9,217.1,87.7,Liuku,tree5,25.842691,98.854532,0,115,281,9,3,46
2013,9,23.5,33.1,18.9,217.1,87.7,Liuku,tree5,25.842691,98.854532,6,110,163,23,0,34
2013,9,23.5,33.1,18.9,217.1,87.7,Liuku,tree5,25.842691,98.854532,0,161,133,71,1,43
2013,9,23.5,33.1,18.9,217.1,87.7,Liuku,tree5,25.842691,98.854532,4,142,206,41,0,36
2013,9,23.5,33.1,18.9,217.1,87.7,Liuku,tree5,25.842691,98.854532,5,161,207,15,0,32
2013,9,23.5,33.1,18.9,217.1,87.7,Liuku,tree5,25.842691,98.854532,11,25,282,0,0,53
2013,9,23.5,33.1,18.9,217.1,87.7,Liuku,tree5,25.842691,98.854532,23,227,191,10,0,7
2013,9,23.5,33.1,18.9,217.1,87.7,Liuku,tree5,25.842691,98.854532,5,23,70,17,0,6
2013,10,20..9,31.3,12.9,256.6,81.6,Liuku,tree7,25.842691,98.854532,104,35,216,5,3,23
2013,10,20..10,31.3,12.9,256.6,81.6,Liuku,tree7,25.842691,98.854532,0,6,150,0,1,0
2013,10,20..11,31.3,12.9,256.6,81.6,Liuku,tree7,25.842691,98.854532,23,8,170,9,11,2
2013,10,20..12,31.3,12.9,256.6,81.6,Liuku,tree7,25.842691,98.854532,178,56,161,8,0,0
2013,10,20..13,31.3,12.9,256.6,81.6,Liuku,tree7,25.842691,98.854532,0,15,68,31,0,9
2013,10,20..14,31.3,12.9,256.6,81.6,Liuku,tree7,25.842691,98.854532,0,18,132,1,0,0
2013,10,20..15,31.3,12.9,256.6,81.6,Liuku,tree7,25.842691,98.854532,9,14,175,1,0,8
2013,10,20..16,31.3,12.9,256.6,81.6,Liuku,tree7,25.842691,98.854532,0,13,89,3,0,15
2013,10,20..17,31.3,12.9,256.6,81.6,Liuku,tree7,25.842691,98.854532,0,69,202,4,0,17
2013,10,20..18,31.3,12.9,256.6,81.6,Liuku,tree7,25.842691,98.854532,0,55,133,2,0,6
2013,10,20..19,31.3,12.9,256.6,81.6,Liuku,tree7,25.842691,98.854532,2,83,83,36,0,86
2013,10,20..20,31.3,12.9,256.6,81.6,Liuku,tree7,25.842691,98.854532,7,25,161,4,0,29
2013,10,20..21,31.3,12.9,256.6,81.6,Liuku,tree7,25.842691,98.854532,6,33,281,0,0,3
2013,10,20..22,31.3,12.9,256.6,81.6,Liuku,tree7,25.842691,98.854532,1,12,141,1,0,11
2013,10,20..23,31.3,12.9,256.6,81.6,Liuku,tree7,25.842691,98.854532,0,7,143,0,0,9
2013,11,17.3,26.8,8.1,59.3,61.9,Liuku,tree3,25.842691,98.854532,0,64,30,5,0,31
2013,11,17.3,26.8,8.1,59.3,61.9,Liuku,tree3,25.842691,98.854532,0,21,109,0,0,10
2013,11,17.3,26.8,8.1,59.3,61.9,Liuku,tree3,25.842691,98.854532,0,20,57,7,0,0
2013,11,17.3,26.8,8.1,59.3,61.9,Liuku,tree3,25.842691,98.854532,0,18,129,9,0,13
2013,11,17.3,26.8,8.1,59.3,61.9,Liuku,tree3,25.842691,98.854532,0,23,68,1,0,9
2013,11,17.3,26.8,8.1,59.3,61.9,Liuku,tree3,25.842691,98.854532,0,27,54,2,0,17
2013,11,17.3,26.8,8.1,59.3,61.9,Liuku,tree3,25.842691,98.854532,0,62,193,8,20,52
2013,11,17.3,26.8,8.1,59.3,61.9,Liuku,tree3,25.842691,98.854532,0,23,36,7,0,8
2013,11,17.3,26.8,8.1,59.3,61.9,Liuku,tree3,25.842691,98.854532,0,32,124,13,0,22
2013,11,17.3,26.8,8.1,59.3,61.9,Liuku,tree3,25.842691,98.854532,0,38,38,6,0,8
2013,11,17.3,26.8,8.1,59.3,61.9,Liuku,tree3,25.842691,98.854532,0,0,58,4,0,13
2013,11,17.3,26.8,8.1,59.3,61.9,Liuku,tree3,25.842691,98.854532,823,7,269,1,32,48
2013,11,17.3,26.8,8.1,59.3,61.9,Liuku,tree3,25.842691,98.854532,7,55,165,9,0,47
2013,11,17.3,26.8,8.1,59.3,61.9,Liuku,tree3,25.842691,98.854532,0,25,55,0,0,24
2013,11,17.3,26.8,8.1,59.3,61.9,Liuku,tree3,25.842691,98.854532,0,14,80,3,0,12
2013,12,13.5,24.6,4.7,0,65.2,Liuku,tree3,25.842691,98.854532,205,196,137,15,93,2
2013,12,13.5,24.6,4.7,0,65.2,Liuku,tree3,25.842691,98.854532,126,277,194,8,7,5
2013,12,13.5,24.6,4.7,0,65.2,Liuku,tree3,25.842691,98.854532,231,185,200,6,0,34
2013,12,13.5,24.6,4.7,0,65.2,Liuku,tree3,25.842691,98.854532,236,174,70,12,0,3
2013,12,13.5,24.6,4.7,0,65.2,Liuku,tree3,25.842691,98.854532,169,149,133,11,85,17
2013,12,13.5,24.6,4.7,0,65.2,Liuku,tree3,25.842691,98.854532,64,438,151,3,4,21
2013,12,13.5,24.6,4.7,0,65.2,Liuku,tree3,25.842691,98.854532,162,222,414,34,0,8
2013,12,13.5,24.6,4.7,0,65.2,Liuku,tree3,25.842691,98.854532,28,346,184,30,1,48
2013,12,13.5,24.6,4.7,0,65.2,Liuku,tree3,25.842691,98.854532,205,125,94,20,0,40
2013,12,13.5,24.6,4.7,0,65.2,Liuku,tree3,25.842691,98.854532,194,139,235,25,3,2
2013,12,13.5,24.6,4.7,0,65.2,Liuku,tree3,25.842691,98.854532,79,136,57,17,0,52
2013,12,13.5,24.6,4.7,0,65.2,Liuku,tree3,25.842691,98.854532,223,145,60,18,7,35
2013,12,13.5,24.6,4.7,0,65.2,Liuku,tree3,25.842691,98.854532,212,159,30,24,13,32
2013,12,13.5,24.6,4.7,0,65.2,Liuku,tree3,25.842691,98.854532,160,199,71,15,41,21
2013,12,13.5,24.6,4.7,0,65.2,Liuku,tree3,25.842691,98.854532,135,281,40,21,5,18
2014,1,14.3,25,6.2,2.2,55.9,Liuku,tree5,25.842691,98.854532,7,127,152,14,0,37
2014,1,14.3,25,6.2,2.2,55.9,Liuku,tree5,25.842691,98.854532,0,92,225,15,0,7
2014,1,14.3,25,6.2,2.2,55.9,Liuku,tree5,25.842691,98.854532,0,101,111,18,0,11
2014,1,14.3,25,6.2,2.2,55.9,Liuku,tree5,25.842691,98.854532,0,121,202,4,0,5
2014,1,14.3,25,6.2,2.2,55.9,Liuku,tree5,25.842691,98.854532,0,161,68,1,0,3
2014,1,14.3,25,6.2,2.2,55.9,Liuku,tree5,25.842691,98.854532,0,67,212,5,0,9
2014,1,14.3,25,6.2,2.2,55.9,Liuku,tree5,25.842691,98.854532,0,115,84,3,0,7
2014,1,14.3,25,6.2,2.2,55.9,Liuku,tree5,25.842691,98.854532,0,93,145,3,0,11
2014,1,14.3,25,6.2,2.2,55.9,Liuku,tree5,25.842691,98.854532,0,37,215,0,0,0
2014,1,14.3,25,6.2,2.2,55.9,Liuku,tree5,25.842691,98.854532,13,183,161,9,0,14
2014,1,14.3,25,6.2,2.2,55.9,Liuku,tree5,25.842691,98.854532,0,27,41,0,0,0
2014,1,14.3,25,6.2,2.2,55.9,Liuku,tree5,25.842691,98.854532,0,40,91,8,14,8
2014,1,14.3,25,6.2,2.2,55.9,Liuku,tree5,25.842691,98.854532,0,69,54,2,0,0
2014,1,14.3,25,6.2,2.2,55.9,Liuku,tree5,25.842691,98.854532,0,350,212,31,0,9
2014,1,14.3,25,6.2,2.2,55.9,Liuku,tree5,25.842691,98.854532,0,98,165,5,0,3
2014,3,20.1,32,11.3,22.4,45.5,Liuku,tree6,25.842691,98.854532,0,232,181,4,0,0
2014,3,20.1,32,11.3,22.4,45.5,Liuku,tree6,25.842691,98.854532,1,161,136,11,0,3
2014,3,20.1,32,11.3,22.4,45.5,Liuku,tree6,25.842691,98.854532,8,126,207,6,0,1
2014,3,20.1,32,11.3,22.4,45.5,Liuku,tree6,25.842691,98.854532,2,230,119,1,0,0
2014,3,20.1,32,11.3,22.4,45.5,Liuku,tree6,25.842691,98.854532,5,106,243,1,0,4
2014,3,20.1,32,11.3,22.4,45.5,Liuku,tree6,25.842691,98.854532,0,96,177,7,0,0
2014,3,20.1,32,11.3,22.4,45.5,Liuku,tree6,25.842691,98.854532,46,140,178,5,0,5
2014,3,20.1,32,11.3,22.4,45.5,Liuku,tree6,25.842691,98.854532,4,89,180,6,0,3
2014,3,20.1,32,11.3,22.4,45.5,Liuku,tree6,25.842691,98.854532,16,62,83,8,0,0
2014,3,20.1,32,11.3,22.4,45.5,Liuku,tree6,25.842691,98.854532,0,20,10,0,0,0
2014,3,20.1,32,11.3,22.4,45.5,Liuku,tree6,25.842691,98.854532,0,50,54,0,0,0
2014,3,20.1,32,11.3,22.4,45.5,Liuku,tree6,25.842691,98.854532,2,211,404,6,0,10
2014,3,20.1,32,11.3,22.4,45.5,Liuku,tree6,25.842691,98.854532,0,94,365,5,0,2
2014,3,20.1,32,11.3,22.4,45.5,Liuku,tree6,25.842691,98.854532,3,77,170,13,0,0
2014,3,20.1,32,11.3,22.4,45.5,Liuku,tree6,25.842691,98.854532,7,115,171,6,0,7
2014,4,24.4,37.2,14.2,7.7,41.2,Liuku,tree1,25.842691,98.854532,316,12,106,0,0,0
2014,4,24.4,37.2,14.2,7.7,41.2,Liuku,tree1,25.842691,98.854532,0,0,0,0,0,0
2014,4,24.4,37.2,14.2,7.7,41.2,Liuku,tree1,25.842691,98.854532,68,69,669,0,0,0
2014,4,24.4,37.2,14.2,7.7,41.2,Liuku,tree1,25.842691,98.854532,396,35,409,0,0,0
2014,4,24.4,37.2,14.2,7.7,41.2,Liuku,tree1,25.842691,98.854532,138,18,348,0,0,0
2014,4,24.4,37.2,14.2,7.7,41.2,Liuku,tree1,25.842691,98.854532,389,2,236,0,0,0
2014,4,24.4,37.2,14.2,7.7,41.2,Liuku,tree1,25.842691,98.854532,721,3,143,0,0,0
2014,4,24.4,37.2,14.2,7.7,41.2,Liuku,tree1,25.842691,98.854532,39,37,778,0,0,0
2014,4,24.4,37.2,14.2,7.7,41.2,Liuku,tree1,25.842691,98.854532,1,37,425,0,0,0
2014,4,24.4,37.2,14.2,7.7,41.2,Liuku,tree1,25.842691,98.854532,183,7,228,0,0,0
2014,4,24.4,37.2,14.2,7.7,41.2,Liuku,tree1,25.842691,98.854532,243,7,288,0,0,0
2014,4,24.4,37.2,14.2,7.7,41.2,Liuku,tree1,25.842691,98.854532,0,102,470,0,0,0
2014,4,24.4,37.2,14.2,7.7,41.2,Liuku,tree1,25.842691,98.854532,0,0,225,0,0,0
2014,4,24.4,37.2,14.2,7.7,41.2,Liuku,tree1,25.842691,98.854532,0,5,355,0,0,1
2014,4,24.4,37.2,14.2,7.7,41.2,Liuku,tree1,25.842691,98.854532,257,1,32,0,0,0
2014,4,24.4,37.2,14.2,7.7,41.2,Liuku,tree1,25.842691,98.854532,0,10,341,0,0,0
2014,5,25.7,36.7,17.1,8.4,55.4,Liuku,tree2,25.842691,98.854532,411,52,298,6,90,72
2014,5,25.7,36.7,17.1,8.4,55.4,Liuku,tree2,25.842691,98.854532,0,0,0,0,0,0
2014,5,25.7,36.7,17.1,8.4,55.4,Liuku,tree2,25.842691,98.854532,206,59,314,0,1,0
2014,5,25.7,36.7,17.1,8.4,55.4,Liuku,tree2,25.842691,98.854532,0,0,0,0,0,0
2014,5,25.7,36.7,17.1,8.4,55.4,Liuku,tree2,25.842691,98.854532,0,0,0,0,0,0
2014,5,25.7,36.7,17.1,8.4,55.4,Liuku,tree2,25.842691,98.854532,200,131,443,1,11,31
2014,5,25.7,36.7,17.1,8.4,55.4,Liuku,tree2,25.842691,98.854532,172,58,315,2,42,21
2014,5,25.7,36.7,17.1,8.4,55.4,Liuku,tree2,25.842691,98.854532,186,101,470,0,2,16
2014,5,25.7,36.7,17.1,8.4,55.4,Liuku,tree2,25.842691,98.854532,399,46,310,3,89,68
2014,5,25.7,36.7,17.1,8.4,55.4,Liuku,tree2,25.842691,98.854532,414,73,445,2,5,120
2014,5,25.7,36.7,17.1,8.4,55.4,Liuku,tree2,25.842691,98.854532,526,8,154,0,4,1
2014,5,25.7,36.7,17.1,8.4,55.4,Liuku,tree2,25.842691,98.854532,300,108,474,0,0,2
2014,5,25.7,36.7,17.1,8.4,55.4,Liuku,tree2,25.842691,98.854532,279,106,362,0,35,36
2014,5,25.7,36.7,17.1,8.4,55.4,Liuku,tree2,25.842691,98.854532,329,4,120,0,0,0
2014,5,25.7,36.7,17.1,8.4,55.4,Liuku,tree2,25.842691,98.854532,280,27,618,0,71,3
2014,6,26.9,39,20.5,35.7,70.7,Liuku,tree8,25.842691,98.854532,0,46,63,2,0,43
2014,6,26.9,39,20.5,35.7,70.7,Liuku,tree8,25.842691,98.854532,2,38,95,5,0,23
2014,6,26.9,39,20.5,35.7,70.7,Liuku,tree8,25.842691,98.854532,0,41,125,0,0,3
2014,6,26.9,39,20.5,35.7,70.7,Liuku,tree8,25.842691,98.854532,0,33,101,16,0,74
2014,6,26.9,39,20.5,35.7,70.7,Liuku,tree8,25.842691,98.854532,1,161,135,21,0,179
2014,6,26.9,39,20.5,35.7,70.7,Liuku,tree8,25.842691,98.854532,0,63,120,10,0,95
2014,6,26.9,39,20.5,35.7,70.7,Liuku,tree8,25.842691,98.854532,0,101,47,21,0,111
2014,6,26.9,39,20.5,35.7,70.7,Liuku,tree8,25.842691,98.854532,0,42,118,2,0,53
2014,6,26.9,39,20.5,35.7,70.7,Liuku,tree8,25.842691,98.854532,1,49,71,0,0,91
2014,6,26.9,39,20.5,35.7,70.7,Liuku,tree8,25.842691,98.854532,0,93,32,9,0,38
2014,6,26.9,39,20.5,35.7,70.7,Liuku,tree8,25.842691,98.854532,0,75,49,4,0,48
2014,6,26.9,39,20.5,35.7,70.7,Liuku,tree8,25.842691,98.854532,0,30,191,11,0,41
2014,6,26.9,39,20.5,35.7,70.7,Liuku,tree8,25.842691,98.854532,0,30,22,0,0,108
2014,6,26.9,39,20.5,35.7,70.7,Liuku,tree8,25.842691,98.854532,0,100,26,0,0,77
2014,6,26.9,39,20.5,35.7,70.7,Liuku,tree8,25.842691,98.854532,0,40,50,10,0,99
2014,7,26.2,35.6,21,139.6,80.2,Liuku,tree9,25.842691,98.854532,0,11,533,0,0,11
2014,7,26.2,35.6,21,139.6,80.2,Liuku,tree9,25.842691,98.854532,186,32,147,0,0,52
2014,7,26.2,35.6,21,139.6,80.2,Liuku,tree9,25.842691,98.854532,8,15,423,0,0,39
2014,7,26.2,35.6,21,139.6,80.2,Liuku,tree9,25.842691,98.854532,69,55,144,0,2,51
2014,7,26.2,35.6,21,139.6,80.2,Liuku,tree9,25.842691,98.854532,88,28,158,0,0,97
2014,7,26.2,35.6,21,139.6,80.2,Liuku,tree9,25.842691,98.854532,0,56,245,0,0,77
2014,7,26.2,35.6,21,139.6,80.2,Liuku,tree9,25.842691,98.854532,68,28,63,0,0,42
2014,7,26.2,35.6,21,139.6,80.2,Liuku,tree9,25.842691,98.854532,85,22,125,0,0,42
2014,7,26.2,35.6,21,139.6,80.2,Liuku,tree9,25.842691,98.854532,75,9,84,1,0,47
2014,7,26.2,35.6,21,139.6,80.2,Liuku,tree9,25.842691,98.854532,24,41,110,1,0,0
2014,7,26.2,35.6,21,139.6,80.2,Liuku,tree9,25.842691,98.854532,71,101,147,0,0,42
2014,7,26.2,35.6,21,139.6,80.2,Liuku,tree9,25.842691,98.854532,54,40,249,0,0,89
2014,7,26.2,35.6,21,139.6,80.2,Liuku,tree9,25.842691,98.854532,25,69,421,0,0,61
2014,7,26.2,35.6,21,139.6,80.2,Liuku,tree9,25.842691,98.854532,120,46,265,0,0,79
2014,7,26.2,35.6,21,139.6,80.2,Liuku,tree9,25.842691,98.854532,9,22,298,0,3,58